model,backend,image_idx,run,load_ms,preproc_ms,infer_ms,postproc_ms,unload_ms,ap50
yolo_v8,cpu,0,1,1032.281,7.001,360.542,0.512,15.168,0.1579
yolo_v8,cpu,1,1,1032.281,3.713,430.128,0.367,15.168,0.1429
yolo_v8,cpu,2,1,1032.281,3.884,416.088,0.488,15.168,0.4286
yolo_v8,cpu,3,1,1032.281,4.028,456.484,0.491,15.168,0.2353
yolo_v8,cpu,4,1,1032.281,3.784,440.565,0.502,15.168,0.4167
yolo_v8,cpu,5,1,1032.281,4.008,459.799,3.339,15.168,0.5
yolo_v8,cpu,6,1,1032.281,5.48,465.165,0.151,15.168,0.0
yolo_v8,cpu,7,1,1032.281,3.911,485.29,0.398,15.168,0.2308
yolo_v8,cpu,8,1,1032.281,3.795,501.927,7.858,15.168,0.0
yolo_v8,cpu,9,1,1032.281,4.264,471.28,0.337,15.168,0.0
yolo_v8,cpu,10,1,1032.281,4.056,478.813,0.487,15.168,0.1538
yolo_v8,cpu,11,1,1032.281,3.633,512.584,0.313,15.168,0.0556
yolo_v8,cpu,12,1,1032.281,3.997,489.344,0.32,15.168,0.5
yolo_v8,cpu,13,1,1032.281,3.806,499.368,0.256,15.168,0.0833
yolo_v8,cpu,14,1,1032.281,4.469,521.427,0.261,15.168,0.0
yolo_v8,cpu,15,1,1032.281,4.518,503.227,0.168,15.168,0.0
yolo_v8,cpu,16,1,1032.281,4.141,489.914,0.332,15.168,0.25
yolo_v8,cpu,17,1,1032.281,4.45,510.525,0.358,15.168,0.0769
yolo_v8,cpu,18,1,1032.281,3.917,510.197,0.669,15.168,0.2665
yolo_v8,cpu,19,1,1032.281,4.711,502.243,0.578,15.168,0.4375
yolo_v8,cpu,20,1,1032.281,3.866,545.099,0.196,15.168,0.0
yolo_v8,cpu,21,1,1032.281,5.905,501.917,0.851,15.168,0.3333
yolo_v8,cpu,22,1,1032.281,4.529,522.759,0.524,15.168,0.306
yolo_v8,cpu,23,1,1032.281,5.296,527.806,0.434,15.168,0.5714
yolo_v8,cpu,24,1,1032.281,4.369,486.787,0.802,15.168,0.4306
yolo_v8,cpu,25,1,1032.281,4.466,505.793,0.186,15.168,1.0
yolo_v8,cpu,26,1,1032.281,4.11,514.355,0.537,15.168,1.0
yolo_v8,cpu,27,1,1032.281,5.05,506.656,0.333,15.168,0.25
yolo_v8,cpu,28,1,1032.281,3.614,513.142,0.429,15.168,0.6
yolo_v8,cpu,29,1,1032.281,5.617,519.141,0.184,15.168,1.0
yolo_v8,cpu,30,1,1032.281,4.177,511.176,0.305,15.168,0.3333
yolo_v8,cpu,31,1,1032.281,4.005,504.735,0.152,15.168,0.0
yolo_v8,cpu,32,1,1032.281,3.788,534.836,0.302,15.168,0.0
yolo_v8,cpu,33,1,1032.281,3.978,513.932,0.175,15.168,0.0
yolo_v8,cpu,34,1,1032.281,4.614,518.025,0.367,15.168,0.5
yolo_v8,cpu,35,1,1032.281,5.086,523.463,0.155,15.168,0.0
yolo_v8,cpu,36,1,1032.281,3.996,524.989,0.364,15.168,0.25
yolo_v8,cpu,37,1,1032.281,3.742,515.986,3.75,15.168,0.5
yolo_v8,cpu,38,1,1032.281,3.91,534.878,2.132,15.168,0.0
yolo_v8,cpu,39,1,1032.281,11.092,518.072,0.311,15.168,0.3333
yolo_v8,cpu,40,1,1032.281,3.852,514.053,2.424,15.168,0.5
yolo_v8,cpu,41,1,1032.281,9.27,529.904,0.388,15.168,0.25
yolo_v8,cpu,42,1,1032.281,4.101,534.358,0.202,15.168,0.0
yolo_v8,cpu,43,1,1032.281,4.68,514.748,0.269,15.168,0.5
yolo_v8,cpu,44,1,1032.281,5.33,521.887,8.149,15.168,0.2857
yolo_v8,cpu,45,1,1032.281,5.152,518.128,0.373,15.168,0.1429
yolo_v8,cpu,46,1,1032.281,4.41,519.934,0.219,15.168,0.0
yolo_v8,cpu,47,1,1032.281,5.477,515.79,0.344,15.168,0.5
yolo_v8,cpu,48,1,1032.281,3.506,529.569,0.167,15.168,0.0
yolo_v8,cpu,49,1,1032.281,11.535,536.265,0.537,15.168,0.2353
yolo_v8,cpu,0,2,82.899,5.252,507.414,0.378,6.581,0.1579
yolo_v8,cpu,1,2,82.899,3.188,528.286,0.359,6.581,0.1429
yolo_v8,cpu,2,2,82.899,3.775,549.152,0.462,6.581,0.4286
yolo_v8,cpu,3,2,82.899,5.092,523.428,12.7,6.581,0.2353
yolo_v8,cpu,4,2,82.899,4.778,518.157,0.496,6.581,0.4167
yolo_v8,cpu,5,2,82.899,4.405,529.481,0.318,6.581,0.5
yolo_v8,cpu,6,2,82.899,6.352,521.517,0.157,6.581,0.0
yolo_v8,cpu,7,2,82.899,5.021,539.614,0.378,6.581,0.2308
yolo_v8,cpu,8,2,82.899,3.757,548.282,0.159,6.581,0.0
yolo_v8,cpu,9,2,82.899,4.449,533.596,0.337,6.581,0.0
yolo_v8,cpu,10,2,82.899,11.818,528.25,0.633,6.581,0.1538
yolo_v8,cpu,11,2,82.899,4.829,519.205,0.371,6.581,0.0556
yolo_v8,cpu,12,2,82.899,4.103,515.565,7.745,6.581,0.5
yolo_v8,cpu,13,2,82.899,4.588,539.111,0.263,6.581,0.0833
yolo_v8,cpu,14,2,82.899,3.816,543.514,0.18,6.581,0.0
yolo_v8,cpu,15,2,82.899,4.223,538.049,0.187,6.581,0.0
yolo_v8,cpu,16,2,82.899,5.101,542.364,0.321,6.581,0.25
yolo_v8,cpu,17,2,82.899,11.566,537.771,0.315,6.581,0.0769
yolo_v8,cpu,18,2,82.899,4.822,533.214,4.146,6.581,0.2665
yolo_v8,cpu,19,2,82.899,5.217,527.682,0.505,6.581,0.4375
yolo_v8,cpu,20,2,82.899,4.07,546.365,0.214,6.581,0.0
yolo_v8,cpu,21,2,82.899,6.018,536.155,0.534,6.581,0.3333
yolo_v8,cpu,22,2,82.899,3.878,538.528,0.713,6.581,0.306
yolo_v8,cpu,23,2,82.899,4.829,535.635,0.466,6.581,0.5714
yolo_v8,cpu,24,2,82.899,4.263,517.97,0.494,6.581,0.4306
yolo_v8,cpu,25,2,82.899,5.784,550.168,0.199,6.581,1.0
yolo_v8,cpu,26,2,82.899,4.405,530.455,0.35,6.581,1.0
yolo_v8,cpu,27,2,82.899,4.153,547.215,0.329,6.581,0.25
yolo_v8,cpu,28,2,82.899,4.109,537.622,0.417,6.581,0.6
yolo_v8,cpu,29,2,82.899,5.164,533.622,0.173,6.581,1.0
yolo_v8,cpu,30,2,82.899,4.361,551.282,0.335,6.581,0.3333
yolo_v8,cpu,31,2,82.899,4.648,535.909,0.248,6.581,0.0
yolo_v8,cpu,32,2,82.899,3.565,538.432,0.557,6.581,0.0
yolo_v8,cpu,33,2,82.899,4.447,545.857,0.205,6.581,0.0
yolo_v8,cpu,34,2,82.899,12.454,550.771,0.504,6.581,0.5
yolo_v8,cpu,35,2,82.899,6.122,529.365,0.201,6.581,0.0
yolo_v8,cpu,36,2,82.899,3.978,546.016,0.316,6.581,0.25
yolo_v8,cpu,37,2,82.899,3.781,547.687,0.404,6.581,0.5
yolo_v8,cpu,38,2,82.899,4.391,533.895,7.932,6.581,0.0
yolo_v8,cpu,39,2,82.899,4.541,562.948,0.438,6.581,0.3333
yolo_v8,cpu,40,2,82.899,11.551,538.36,0.351,6.581,0.5
yolo_v8,cpu,41,2,82.899,4.162,528.834,0.333,6.581,0.25
yolo_v8,cpu,42,2,82.899,4.023,547.647,0.162,6.581,0.0
yolo_v8,cpu,43,2,82.899,4.109,546.484,0.294,6.581,0.5
yolo_v8,cpu,44,2,82.899,4.352,546.714,0.666,6.581,0.2857
yolo_v8,cpu,45,2,82.899,6.608,549.454,0.503,6.581,0.1429
yolo_v8,cpu,46,2,82.899,3.83,530.255,0.162,6.581,0.0
yolo_v8,cpu,47,2,82.899,4.468,530.134,0.362,6.581,0.5
yolo_v8,cpu,48,2,82.899,3.693,542.893,0.148,6.581,0.0
yolo_v8,cpu,49,2,82.899,1.996,523.695,0.393,6.581,0.2353
yolo_v8,cpu,0,3,80.064,4.055,508.895,0.368,5.828,0.1579
yolo_v8,cpu,1,3,80.064,3.424,521.773,0.393,5.828,0.1429
yolo_v8,cpu,2,3,80.064,3.58,528.421,0.562,5.828,0.4286
yolo_v8,cpu,3,3,80.064,3.904,536.419,0.476,5.828,0.2353
yolo_v8,cpu,4,3,80.064,3.585,558.43,0.731,5.828,0.4167
yolo_v8,cpu,5,3,80.064,5.608,536.176,0.325,5.828,0.5
yolo_v8,cpu,6,3,80.064,5.064,543.068,2.633,5.828,0.0
yolo_v8,cpu,7,3,80.064,4.368,546.801,0.442,5.828,0.2308
yolo_v8,cpu,8,3,80.064,3.677,545.225,0.159,5.828,0.0
yolo_v8,cpu,9,3,80.064,4.032,550.165,0.306,5.828,0.0
yolo_v8,cpu,10,3,80.064,3.915,533.39,0.475,5.828,0.1538
yolo_v8,cpu,11,3,80.064,3.864,548.866,0.467,5.828,0.0556
yolo_v8,cpu,12,3,80.064,3.932,523.025,0.392,5.828,0.5
yolo_v8,cpu,13,3,80.064,4.132,551.574,0.241,5.828,0.0833
yolo_v8,cpu,14,3,80.064,4.472,551.468,0.414,5.828,0.0
yolo_v8,cpu,15,3,80.064,4.134,528.041,0.171,5.828,0.0
yolo_v8,cpu,16,3,80.064,6.153,538.994,0.313,5.828,0.25
yolo_v8,cpu,17,3,80.064,4.108,559.563,0.423,5.828,0.0769
yolo_v8,cpu,18,3,80.064,3.804,551.306,0.496,5.828,0.2665
yolo_v8,cpu,19,3,80.064,4.365,556.552,0.525,5.828,0.4375
yolo_v8,cpu,20,3,80.064,4.032,535.314,0.158,5.828,0.0
yolo_v8,cpu,21,3,80.064,4.846,541.335,0.567,5.828,0.3333
yolo_v8,cpu,22,3,80.064,3.73,555.923,0.506,5.828,0.306
yolo_v8,cpu,23,3,80.064,5.092,551.343,1.89,5.828,0.5714
yolo_v8,cpu,24,3,80.064,8.782,531.333,0.507,5.828,0.4306
yolo_v8,cpu,25,3,80.064,5.242,573.346,0.152,5.828,1.0
yolo_v8,cpu,26,3,80.064,4.457,533.905,7.971,5.828,1.0
yolo_v8,cpu,27,3,80.064,4.914,531.472,1.346,5.828,0.25
yolo_v8,cpu,28,3,80.064,4.242,566.119,0.372,5.828,0.6
yolo_v8,cpu,29,3,80.064,4.423,572.186,0.164,5.828,1.0
yolo_v8,cpu,30,3,80.064,4.624,559.032,0.304,5.828,0.3333
yolo_v8,cpu,31,3,80.064,3.583,534.77,0.182,5.828,0.0
yolo_v8,cpu,32,3,80.064,4.064,533.215,0.338,5.828,0.0
yolo_v8,cpu,33,3,80.064,3.976,553.937,0.156,5.828,0.0
yolo_v8,cpu,34,3,80.064,4.015,560.784,0.314,5.828,0.5
yolo_v8,cpu,35,3,80.064,5.267,562.949,0.17,5.828,0.0
yolo_v8,cpu,36,3,80.064,4.289,557.754,0.318,5.828,0.25
yolo_v8,cpu,37,3,80.064,3.936,548.268,0.311,5.828,0.5
yolo_v8,cpu,38,3,80.064,4.187,531.508,0.184,5.828,0.0
yolo_v8,cpu,39,3,80.064,4.115,561.999,0.313,5.828,0.3333
yolo_v8,cpu,40,3,80.064,4.167,524.16,0.462,5.828,0.5
yolo_v8,cpu,41,3,80.064,12.358,529.682,0.321,5.828,0.25
yolo_v8,cpu,42,3,80.064,4.12,548.61,0.185,5.828,0.0
yolo_v8,cpu,43,3,80.064,12.081,556.999,0.277,5.828,0.5
yolo_v8,cpu,44,3,80.064,4.507,552.557,0.532,5.828,0.2857
yolo_v8,cpu,45,3,80.064,4.427,544.629,0.39,5.828,0.1429
yolo_v8,cpu,46,3,80.064,4.375,535.401,0.161,5.828,0.0
yolo_v8,cpu,47,3,80.064,4.517,559.696,0.431,5.828,0.5
yolo_v8,cpu,48,3,80.064,3.946,534.674,0.18,5.828,0.0
yolo_v8,cpu,49,3,80.064,13.536,534.111,3.936,5.828,0.2353
yolo_v8,gpu,0,1,1321.738,6.466,112.843,1.182,113.194,0.0
yolo_v8,gpu,1,1,1321.738,5.764,106.869,1.835,113.194,0.0
yolo_v8,gpu,2,1,1321.738,18.297,106.841,7.631,113.194,0.0
yolo_v8,gpu,3,1,1321.738,20.057,109.75,8.913,113.194,0.0
yolo_v8,gpu,4,1,1321.738,29.224,109.714,12.667,113.194,0.0
yolo_v8,gpu,5,1,1321.738,21.063,111.828,8.887,113.194,0.0357
yolo_v8,gpu,6,1,1321.738,21.854,113.695,2.561,113.194,0.0
yolo_v8,gpu,7,1,1321.738,20.107,111.783,7.431,113.194,0.0077
yolo_v8,gpu,8,1,1321.738,19.86,109.982,0.918,113.194,0.0
yolo_v8,gpu,9,1,1321.738,19.767,118.23,2.513,113.194,0.0
yolo_v8,gpu,10,1,1321.738,19.903,116.681,19.61,113.194,0.0192
yolo_v8,gpu,11,1,1321.738,17.329,116.203,4.169,113.194,0.0
yolo_v8,gpu,12,1,1321.738,17.514,112.469,6.837,113.194,0.0
yolo_v8,gpu,13,1,1321.738,17.82,115.332,7.677,113.194,0.0139
yolo_v8,gpu,14,1,1321.738,41.985,114.039,6.645,113.194,0.0
yolo_v8,gpu,15,1,1321.738,19.886,113.712,2.239,113.194,0.0
yolo_v8,gpu,16,1,1321.738,17.84,113.824,7.566,113.194,0.0982
yolo_v8,gpu,17,1,1321.738,34.522,111.655,4.881,113.194,0.0
yolo_v8,gpu,18,1,1321.738,19.506,113.509,3.724,113.194,0.0
yolo_v8,gpu,19,1,1321.738,16.062,108.805,28.26,113.194,0.0014
yolo_v8,gpu,20,1,1321.738,22.879,113.464,1.627,113.194,0.0
yolo_v8,gpu,21,1,1321.738,14.658,109.512,30.028,113.194,0.001
yolo_v8,gpu,22,1,1321.738,23.178,115.456,10.901,113.194,0.0
yolo_v8,gpu,23,1,1321.738,19.846,109.889,17.987,113.194,0.0476
yolo_v8,gpu,24,1,1321.738,19.406,108.523,20.955,113.194,0.0233
yolo_v8,gpu,25,1,1321.738,17.949,109.227,0.585,113.194,1.0
yolo_v8,gpu,26,1,1321.738,15.36,109.238,8.518,113.194,0.0385
yolo_v8,gpu,27,1,1321.738,42.342,112.66,5.78,113.194,0.2917
yolo_v8,gpu,28,1,1321.738,19.383,110.274,10.408,113.194,0.0
yolo_v8,gpu,29,1,1321.738,18.458,110.769,0.899,113.194,1.0
yolo_v8,gpu,30,1,1321.738,37.596,111.574,11.189,113.194,0.0
yolo_v8,gpu,31,1,1321.738,18.406,109.037,4.529,113.194,0.0
yolo_v8,gpu,32,1,1321.738,18.09,109.608,6.819,113.194,0.0
yolo_v8,gpu,33,1,1321.738,29.425,114.734,4.822,113.194,0.3333
yolo_v8,gpu,34,1,1321.738,19.724,114.387,5.88,113.194,0.0
yolo_v8,gpu,35,1,1321.738,19.35,110.215,3.515,113.194,0.0
yolo_v8,gpu,36,1,1321.738,15.721,111.554,6.104,113.194,0.025
yolo_v8,gpu,37,1,1321.738,24.1,114.04,7.134,113.194,0.0
yolo_v8,gpu,38,1,1321.738,18.863,116.865,4.126,113.194,0.0417
yolo_v8,gpu,39,1,1321.738,40.433,114.608,7.518,113.194,0.0
yolo_v8,gpu,40,1,1321.738,21.188,116.292,5.736,113.194,0.0
yolo_v8,gpu,41,1,1321.738,20.139,115.901,9.924,113.194,0.2763
yolo_v8,gpu,42,1,1321.738,32.168,116.393,0.855,113.194,0.0
yolo_v8,gpu,43,1,1321.738,19.688,116.768,4.368,113.194,0.0
yolo_v8,gpu,44,1,1321.738,22.729,115.962,20.199,113.194,0.0019
yolo_v8,gpu,45,1,1321.738,29.995,116.053,8.432,113.194,0.0
yolo_v8,gpu,46,1,1321.738,18.329,109.831,22.159,113.194,0.0065
yolo_v8,gpu,47,1,1321.738,27.555,116.89,5.507,113.194,0.125
yolo_v8,gpu,48,1,1321.738,19.563,110.806,3.208,113.194,0.1
yolo_v8,gpu,49,1,1321.738,8.539,112.38,30.101,113.194,0.0248
yolo_v8,gpu,0,2,1278.798,6.178,112.864,1.214,83.867,0.0
yolo_v8,gpu,1,2,1278.798,4.423,105.2,1.587,83.867,0.0
yolo_v8,gpu,2,2,1278.798,6.464,107.527,2.806,83.867,0.0
yolo_v8,gpu,3,2,1278.798,7.266,106.827,5.37,83.867,0.0
yolo_v8,gpu,4,2,1278.798,8.971,110.766,7.692,83.867,0.0
yolo_v8,gpu,5,2,1278.798,15.46,118.998,6.018,83.867,0.0357
yolo_v8,gpu,6,2,1278.798,14.251,110.15,1.913,83.867,0.0
yolo_v8,gpu,7,2,1278.798,15.676,111.224,7.164,83.867,0.0077
yolo_v8,gpu,8,2,1278.798,18.293,110.015,0.801,83.867,0.0
yolo_v8,gpu,9,2,1278.798,25.296,111.32,2.695,83.867,0.0
yolo_v8,gpu,10,2,1278.798,17.503,111.417,20.448,83.867,0.0192
yolo_v8,gpu,11,2,1278.798,19.287,110.514,3.579,83.867,0.0
yolo_v8,gpu,12,2,1278.798,21.318,108.649,6.857,83.867,0.0
yolo_v8,gpu,13,2,1278.798,19.786,109.812,5.489,83.867,0.0139
yolo_v8,gpu,14,2,1278.798,20.822,111.241,6.711,83.867,0.0
yolo_v8,gpu,15,2,1278.798,22.091,111.391,2.548,83.867,0.0
yolo_v8,gpu,16,2,1278.798,19.651,109.771,6.294,83.867,0.0982
yolo_v8,gpu,17,2,1278.798,19.709,108.756,4.161,83.867,0.0
yolo_v8,gpu,18,2,1278.798,20.587,112.133,3.189,83.867,0.0
yolo_v8,gpu,19,2,1278.798,20.307,109.534,22.796,83.867,0.0014
yolo_v8,gpu,20,2,1278.798,18.176,113.009,1.606,83.867,0.0
yolo_v8,gpu,21,2,1278.798,17.21,110.363,30.049,83.867,0.001
yolo_v8,gpu,22,2,1278.798,24.819,116.923,11.032,83.867,0.0
yolo_v8,gpu,23,2,1278.798,20.786,109.216,15.432,83.867,0.0476
yolo_v8,gpu,24,2,1278.798,20.428,111.495,15.713,83.867,0.0233
yolo_v8,gpu,25,2,1278.798,20.391,108.555,0.626,83.867,1.0
yolo_v8,gpu,26,2,1278.798,16.114,109.566,8.465,83.867,0.0385
yolo_v8,gpu,27,2,1278.798,28.595,109.051,5.754,83.867,0.2917
yolo_v8,gpu,28,2,1278.798,20.708,108.728,14.472,83.867,0.0
yolo_v8,gpu,29,2,1278.798,21.258,114.15,0.706,83.867,1.0
yolo_v8,gpu,30,2,1278.798,19.948,108.348,11.463,83.867,0.0
yolo_v8,gpu,31,2,1278.798,20.814,108.371,4.096,83.867,0.0
yolo_v8,gpu,32,2,1278.798,23.576,113.153,7.687,83.867,0.0
yolo_v8,gpu,33,2,1278.798,21.524,110.315,4.827,83.867,0.3333
yolo_v8,gpu,34,2,1278.798,17.837,109.29,4.574,83.867,0.0
yolo_v8,gpu,35,2,1278.798,25.945,108.563,4.892,83.867,0.0
yolo_v8,gpu,36,2,1278.798,18.583,111.605,5.94,83.867,0.025
yolo_v8,gpu,37,2,1278.798,20.164,110.148,7.129,83.867,0.0
yolo_v8,gpu,38,2,1278.798,23.379,109.794,4.818,83.867,0.0417
yolo_v8,gpu,39,2,1278.798,17.914,110.25,6.44,83.867,0.0
yolo_v8,gpu,40,2,1278.798,17.84,110.153,3.507,83.867,0.0
yolo_v8,gpu,41,2,1278.798,24.072,109.213,9.021,83.867,0.2763
yolo_v8,gpu,42,2,1278.798,18.696,110.456,0.785,83.867,0.0
yolo_v8,gpu,43,2,1278.798,15.599,109.067,4.528,83.867,0.0
yolo_v8,gpu,44,2,1278.798,37.011,108.373,19.734,83.867,0.0019
yolo_v8,gpu,45,2,1278.798,16.713,110.364,8.42,83.867,0.0
yolo_v8,gpu,46,2,1278.798,19.156,113.815,12.392,83.867,0.0065
yolo_v8,gpu,47,2,1278.798,28.745,109.221,2.927,83.867,0.125
yolo_v8,gpu,48,2,1278.798,16.854,109.569,3.793,83.867,0.1
yolo_v8,gpu,49,2,1278.798,19.541,118.587,32.68,83.867,0.0248
yolo_v8,gpu,0,3,1291.237,4.517,111.759,1.245,115.099,0.0
yolo_v8,gpu,1,3,1291.237,4.249,106.682,3.755,115.099,0.0
yolo_v8,gpu,2,3,1291.237,7.401,109.983,7.272,115.099,0.0
yolo_v8,gpu,3,3,1291.237,15.937,109.968,6.358,115.099,0.0
yolo_v8,gpu,4,3,1291.237,22.489,113.134,8.6,115.099,0.0
yolo_v8,gpu,5,3,1291.237,18.101,110.194,5.519,115.099,0.0357
yolo_v8,gpu,6,3,1291.237,19.268,110.259,1.906,115.099,0.0
yolo_v8,gpu,7,3,1291.237,24.813,112.773,5.22,115.099,0.0077
yolo_v8,gpu,8,3,1291.237,14.693,109.815,0.888,115.099,0.0
yolo_v8,gpu,9,3,1291.237,16.82,109.062,2.583,115.099,0.0
yolo_v8,gpu,10,3,1291.237,17.613,110.717,16.926,115.099,0.0192
yolo_v8,gpu,11,3,1291.237,19.712,108.97,4.215,115.099,0.0
yolo_v8,gpu,12,3,1291.237,18.298,109.267,5.921,115.099,0.0
yolo_v8,gpu,13,3,1291.237,18.139,109.645,5.532,115.099,0.0139
yolo_v8,gpu,14,3,1291.237,24.457,111.405,5.626,115.099,0.0
yolo_v8,gpu,15,3,1291.237,18.828,110.858,1.666,115.099,0.0
yolo_v8,gpu,16,3,1291.237,14.927,110.396,6.211,115.099,0.0982
yolo_v8,gpu,17,3,1291.237,18.946,113.906,4.795,115.099,0.0
yolo_v8,gpu,18,3,1291.237,18.043,110.59,3.269,115.099,0.0
yolo_v8,gpu,19,3,1291.237,18.49,109.074,24.712,115.099,0.0014
yolo_v8,gpu,20,3,1291.237,27.132,115.969,1.924,115.099,0.0
yolo_v8,gpu,21,3,1291.237,12.028,109.182,32.298,115.099,0.001
yolo_v8,gpu,22,3,1291.237,22.003,115.069,15.641,115.099,0.0
yolo_v8,gpu,23,3,1291.237,11.761,109.767,12.666,115.099,0.0476
yolo_v8,gpu,24,3,1291.237,11.868,112.351,12.897,115.099,0.0233
yolo_v8,gpu,25,3,1291.237,11.774,113.603,0.629,115.099,1.0
yolo_v8,gpu,26,3,1291.237,10.893,110.288,6.203,115.099,0.0385
yolo_v8,gpu,27,3,1291.237,10.865,109.43,5.782,115.099,0.2917
yolo_v8,gpu,28,3,1291.237,22.211,109.511,14.471,115.099,0.0
yolo_v8,gpu,29,3,1291.237,12.55,108.626,0.741,115.099,1.0
yolo_v8,gpu,30,3,1291.237,11.207,109.814,12.627,115.099,0.0
yolo_v8,gpu,31,3,1291.237,17.372,113.824,5.249,115.099,0.0
yolo_v8,gpu,32,3,1291.237,10.612,110.587,6.881,115.099,0.0
yolo_v8,gpu,33,3,1291.237,10.915,111.188,5.611,115.099,0.3333
yolo_v8,gpu,34,3,1291.237,11.59,110.066,5.771,115.099,0.0
yolo_v8,gpu,35,3,1291.237,20.303,108.258,4.795,115.099,0.0
yolo_v8,gpu,36,3,1291.237,11.225,111.169,6.164,115.099,0.025
yolo_v8,gpu,37,3,1291.237,10.481,110.347,6.068,115.099,0.0
yolo_v8,gpu,38,3,1291.237,10.379,110.193,4.139,115.099,0.0417
yolo_v8,gpu,39,3,1291.237,23.458,109.127,7.3,115.099,0.0
yolo_v8,gpu,40,3,1291.237,11.222,109.734,2.14,115.099,0.0
yolo_v8,gpu,41,3,1291.237,7.646,108.686,7.739,115.099,0.2763
yolo_v8,gpu,42,3,1291.237,21.823,108.358,15.183,115.099,0.0
yolo_v8,gpu,43,3,1291.237,22.968,108.029,2.707,115.099,0.0
yolo_v8,gpu,44,3,1291.237,21.462,110.384,16.638,115.099,0.0019
yolo_v8,gpu,45,3,1291.237,25.257,107.787,6.003,115.099,0.0
yolo_v8,gpu,46,3,1291.237,28.519,108.803,18.617,115.099,0.0065
yolo_v8,gpu,47,3,1291.237,21.98,109.46,3.811,115.099,0.125
yolo_v8,gpu,48,3,1291.237,8.747,109.291,3.743,115.099,0.1
yolo_v8,gpu,49,3,1291.237,6.148,108.681,27.921,115.099,0.0248
yolo_v8,npu,0,1,370.402,21.069,24.932,1.156,24.08,0.1053
yolo_v8,npu,1,1,370.402,17.277,24.349,1.195,24.08,0.2143
yolo_v8,npu,2,1,370.402,7.542,25.026,0.775,24.08,0.5714
yolo_v8,npu,3,1,370.402,5.892,16.549,0.76,24.08,0.2843
yolo_v8,npu,4,1,370.402,5.152,18.513,0.688,24.08,0.3333
yolo_v8,npu,5,1,370.402,5.41,15.483,0.576,24.08,1.0
yolo_v8,npu,6,1,370.402,6.246,16.498,0.52,24.08,1.0
yolo_v8,npu,7,1,370.402,7.584,15.127,0.595,24.08,0.2308
yolo_v8,npu,8,1,370.402,4.54,14.411,0.218,24.08,0.0
yolo_v8,npu,9,1,370.402,4.921,16.785,0.566,24.08,0.0
yolo_v8,npu,10,1,370.402,5.424,14.779,0.766,24.08,0.2308
yolo_v8,npu,11,1,370.402,4.608,14.976,0.46,24.08,0.0556
yolo_v8,npu,12,1,370.402,4.505,14.336,0.61,24.08,1.0
yolo_v8,npu,13,1,370.402,4.687,14.583,0.454,24.08,0.1667
yolo_v8,npu,14,1,370.402,4.165,13.405,8.168,24.08,0.2381
yolo_v8,npu,15,1,370.402,6.334,14.801,0.432,24.08,0.2
yolo_v8,npu,16,1,370.402,4.653,14.8,0.669,24.08,0.5
yolo_v8,npu,17,1,370.402,4.735,13.99,0.395,24.08,0.0769
yolo_v8,npu,18,1,370.402,5.421,13.394,0.52,24.08,0.1875
yolo_v8,npu,19,1,370.402,4.095,13.638,0.758,24.08,0.5
yolo_v8,npu,20,1,370.402,11.419,16.744,0.368,24.08,0.5
yolo_v8,npu,21,1,370.402,4.974,15.04,1.068,24.08,0.3819
yolo_v8,npu,22,1,370.402,4.524,14.093,0.765,24.08,0.3636
yolo_v8,npu,23,1,370.402,4.399,13.455,0.604,24.08,0.7143
yolo_v8,npu,24,1,370.402,4.434,13.439,0.609,24.08,0.6667
yolo_v8,npu,25,1,370.402,4.466,15.158,0.219,24.08,1.0
yolo_v8,npu,26,1,370.402,4.139,13.068,0.403,24.08,1.0
yolo_v8,npu,27,1,370.402,4.016,12.931,0.405,24.08,0.25
yolo_v8,npu,28,1,370.402,4.02,12.927,0.55,24.08,0.6
yolo_v8,npu,29,1,370.402,4.416,13.443,0.206,24.08,1.0
yolo_v8,npu,30,1,370.402,4.262,13.449,0.496,24.08,1.0
yolo_v8,npu,31,1,370.402,4.072,15.581,0.419,24.08,1.0
yolo_v8,npu,32,1,370.402,3.989,13.968,0.646,24.08,0.1429
yolo_v8,npu,33,1,370.402,4.066,12.773,0.449,24.08,1.0
yolo_v8,npu,34,1,370.402,4.095,13.578,0.443,24.08,0.5
yolo_v8,npu,35,1,370.402,4.409,12.562,0.403,24.08,1.0
yolo_v8,npu,36,1,370.402,5.84,13.136,0.444,24.08,0.5
yolo_v8,npu,37,1,370.402,3.938,14.935,0.467,24.08,0.5
yolo_v8,npu,38,1,370.402,3.923,13.336,0.54,24.08,0.3333
yolo_v8,npu,39,1,370.402,4.15,13.109,0.542,24.08,0.5556
yolo_v8,npu,40,1,370.402,4.005,13.018,0.487,24.08,1.0
yolo_v8,npu,41,1,370.402,4.142,13.485,0.493,24.08,0.75
yolo_v8,npu,42,1,370.402,3.828,13.209,0.438,24.08,0.6667
yolo_v8,npu,43,1,370.402,3.922,14.442,0.473,24.08,0.5
yolo_v8,npu,44,1,370.402,4.675,13.365,0.761,24.08,0.3344
yolo_v8,npu,45,1,370.402,4.457,13.004,0.577,24.08,0.2143
yolo_v8,npu,46,1,370.402,4.138,13.115,0.803,24.08,0.8283
yolo_v8,npu,47,1,370.402,4.256,12.58,0.473,24.08,0.5
yolo_v8,npu,48,1,370.402,3.765,12.677,0.384,24.08,0.5
yolo_v8,npu,49,1,370.402,2.449,14.98,0.734,24.08,0.4118
yolo_v8,npu,0,2,410.888,12.141,28.251,1.059,26.004,0.1053
yolo_v8,npu,1,2,410.888,9.559,24.125,1.111,26.004,0.2143
yolo_v8,npu,2,2,410.888,8.136,29.08,0.732,26.004,0.5714
yolo_v8,npu,3,2,410.888,5.765,16.034,0.886,26.004,0.2843
yolo_v8,npu,4,2,410.888,21.374,18.984,0.781,26.004,0.3333
yolo_v8,npu,5,2,410.888,5.394,17.839,0.591,26.004,1.0
yolo_v8,npu,6,2,410.888,5.92,16.992,0.471,26.004,1.0
yolo_v8,npu,7,2,410.888,5.241,15.96,0.637,26.004,0.2308
yolo_v8,npu,8,2,410.888,4.996,17.916,0.245,26.004,0.0
yolo_v8,npu,9,2,410.888,13.006,16.492,0.569,26.004,0.0
yolo_v8,npu,10,2,410.888,5.062,15.875,0.722,26.004,0.2308
yolo_v8,npu,11,2,410.888,4.649,14.765,0.476,26.004,0.0556
yolo_v8,npu,12,2,410.888,4.548,14.526,0.644,26.004,1.0
yolo_v8,npu,13,2,410.888,4.666,16.264,0.53,26.004,0.1667
yolo_v8,npu,14,2,410.888,4.677,14.579,0.534,26.004,0.2381
yolo_v8,npu,15,2,410.888,5.621,14.587,0.434,26.004,0.2
yolo_v8,npu,16,2,410.888,4.132,13.453,0.53,26.004,0.5
yolo_v8,npu,17,2,410.888,4.139,13.485,0.401,26.004,0.0769
yolo_v8,npu,18,2,410.888,4.012,14.615,0.591,26.004,0.1875
yolo_v8,npu,19,2,410.888,4.464,13.481,0.754,26.004,0.5
yolo_v8,npu,20,2,410.888,4.132,13.584,0.31,26.004,0.5
yolo_v8,npu,21,2,410.888,4.456,13.458,0.804,26.004,0.3819
yolo_v8,npu,22,2,410.888,5.294,13.384,0.746,26.004,0.3636
yolo_v8,npu,23,2,410.888,4.544,12.868,0.626,26.004,0.7143
yolo_v8,npu,24,2,410.888,10.047,21.758,0.712,26.004,0.6667
yolo_v8,npu,25,2,410.888,4.968,14.558,0.231,26.004,1.0
yolo_v8,npu,26,2,410.888,4.273,13.562,0.453,26.004,1.0
yolo_v8,npu,27,2,410.888,4.027,13.96,0.439,26.004,0.25
yolo_v8,npu,28,2,410.888,4.544,13.988,0.542,26.004,0.6
yolo_v8,npu,29,2,410.888,4.465,15.566,0.199,26.004,1.0
yolo_v8,npu,30,2,410.888,4.153,13.779,0.556,26.004,1.0
yolo_v8,npu,31,2,410.888,4.079,13.486,0.394,26.004,1.0
yolo_v8,npu,32,2,410.888,3.93,13.647,0.549,26.004,0.1429
yolo_v8,npu,33,2,410.888,4.093,13.604,0.402,26.004,1.0
yolo_v8,npu,34,2,410.888,4.209,13.608,0.401,26.004,0.5
yolo_v8,npu,35,2,410.888,4.429,13.94,0.469,26.004,1.0
yolo_v8,npu,36,2,410.888,4.215,13.085,0.528,26.004,0.5
yolo_v8,npu,37,2,410.888,5.346,12.928,0.434,26.004,0.5
yolo_v8,npu,38,2,410.888,3.887,13.18,0.406,26.004,0.3333
yolo_v8,npu,39,2,410.888,4.229,13.098,0.505,26.004,0.5556
yolo_v8,npu,40,2,410.888,3.984,13.1,0.44,26.004,1.0
yolo_v8,npu,41,2,410.888,3.992,14.772,0.525,26.004,0.75
yolo_v8,npu,42,2,410.888,3.961,13.076,0.463,26.004,0.6667
yolo_v8,npu,43,2,410.888,4.268,13.311,0.389,26.004,0.5
yolo_v8,npu,44,2,410.888,6.667,13.669,0.705,26.004,0.3344
yolo_v8,npu,45,2,410.888,6.614,13.045,0.58,26.004,0.2143
yolo_v8,npu,46,2,410.888,4.29,12.738,0.815,26.004,0.8283
yolo_v8,npu,47,2,410.888,13.436,13.345,0.501,26.004,0.5
yolo_v8,npu,48,2,410.888,4.36,13.942,0.398,26.004,0.5
yolo_v8,npu,49,2,410.888,2.452,13.53,0.718,26.004,0.4118
yolo_v8,npu,0,3,385.577,12.881,26.706,1.458,23.201,0.1053
yolo_v8,npu,1,3,385.577,11.878,33.055,1.389,23.201,0.2143
yolo_v8,npu,2,3,385.577,10.814,23.233,0.711,23.201,0.5714
yolo_v8,npu,3,3,385.577,5.466,15.749,0.751,23.201,0.2843
yolo_v8,npu,4,3,385.577,4.474,15.085,0.643,23.201,0.3333
yolo_v8,npu,5,3,385.577,15.165,17.063,0.595,23.201,1.0
yolo_v8,npu,6,3,385.577,5.536,15.72,0.471,23.201,1.0
yolo_v8,npu,7,3,385.577,4.696,15.641,0.579,23.201,0.2308
yolo_v8,npu,8,3,385.577,4.503,14.539,0.248,23.201,0.0
yolo_v8,npu,9,3,385.577,4.711,14.723,9.402,23.201,0.0
yolo_v8,npu,10,3,385.577,6.728,16.012,0.804,23.201,0.2308
yolo_v8,npu,11,3,385.577,4.659,14.831,0.438,23.201,0.0556
yolo_v8,npu,12,3,385.577,4.506,14.352,0.718,23.201,1.0
yolo_v8,npu,13,3,385.577,4.872,14.996,0.539,23.201,0.1667
yolo_v8,npu,14,3,385.577,4.674,16.646,0.629,23.201,0.2381
yolo_v8,npu,15,3,385.577,4.596,14.83,0.438,23.201,0.2
yolo_v8,npu,16,3,385.577,4.633,14.623,0.496,23.201,0.5
yolo_v8,npu,17,3,385.577,4.088,13.387,0.437,23.201,0.0769
yolo_v8,npu,18,3,385.577,4.056,13.12,0.524,23.201,0.1875
yolo_v8,npu,19,3,385.577,5.787,12.925,0.71,23.201,0.5
yolo_v8,npu,20,3,385.577,11.759,16.357,0.334,23.201,0.5
yolo_v8,npu,21,3,385.577,5.127,14.373,0.848,23.201,0.3819
yolo_v8,npu,22,3,385.577,3.982,13.489,0.789,23.201,0.3636
yolo_v8,npu,23,3,385.577,4.444,13.933,0.787,23.201,0.7143
yolo_v8,npu,24,3,385.577,4.395,13.036,0.647,23.201,0.6667
yolo_v8,npu,25,3,385.577,4.426,14.999,0.198,23.201,1.0
yolo_v8,npu,26,3,385.577,4.114,13.205,0.411,23.201,1.0
yolo_v8,npu,27,3,385.577,4.016,13.441,0.395,23.201,0.25
yolo_v8,npu,28,3,385.577,4.012,13.607,0.509,23.201,0.6
yolo_v8,npu,29,3,385.577,4.439,13.999,0.197,23.201,1.0
yolo_v8,npu,30,3,385.577,4.091,13.563,0.551,23.201,1.0
yolo_v8,npu,31,3,385.577,4.165,15.18,0.413,23.201,1.0
yolo_v8,npu,32,3,385.577,4.012,13.64,0.497,23.201,0.1429
yolo_v8,npu,33,3,385.577,4.014,13.596,0.443,23.201,1.0
yolo_v8,npu,34,3,385.577,4.123,13.592,0.398,23.201,0.5
yolo_v8,npu,35,3,385.577,4.43,12.291,0.404,23.201,1.0
yolo_v8,npu,36,3,385.577,4.037,12.847,0.484,23.201,0.5
yolo_v8,npu,37,3,385.577,3.916,15.117,0.418,23.201,0.5
yolo_v8,npu,38,3,385.577,3.907,13.07,0.395,23.201,0.3333
yolo_v8,npu,39,3,385.577,4.103,13.002,0.494,23.201,0.5556
yolo_v8,npu,40,3,385.577,4.104,12.915,0.533,23.201,1.0
yolo_v8,npu,41,3,385.577,4.137,13.62,0.549,23.201,0.75
yolo_v8,npu,42,3,385.577,3.906,13.536,0.448,23.201,0.6667
yolo_v8,npu,43,3,385.577,4.792,14.731,0.434,23.201,0.5
yolo_v8,npu,44,3,385.577,4.78,13.051,0.723,23.201,0.3344
yolo_v8,npu,45,3,385.577,4.39,13.085,0.555,23.201,0.2143
yolo_v8,npu,46,3,385.577,4.09,13.813,0.804,23.201,0.8283
yolo_v8,npu,47,3,385.577,6.558,13.802,0.473,23.201,0.5
yolo_v8,npu,48,3,385.577,3.758,13.233,0.425,23.201,0.5
yolo_v8,npu,49,3,385.577,2.381,15.016,0.693,23.201,0.4118
rf_detr,cpu,0,1,167.769,8.244,2927.352,1.411,64.247,0.5352
rf_detr,cpu,1,1,167.769,5.137,3224.335,1.381,64.247,0.8771
rf_detr,cpu,2,1,167.769,5.576,3291.733,0.609,64.247,0.7143
rf_detr,cpu,3,1,167.769,2.577,3341.35,0.96,64.247,0.6028
rf_detr,cpu,4,1,167.769,2.208,3339.034,1.029,64.247,0.6396
rf_detr,cpu,5,1,167.769,5.199,3367.983,0.78,64.247,1.0
rf_detr,cpu,6,1,167.769,6.813,3391.222,0.58,64.247,1.0
rf_detr,cpu,7,1,167.769,9.668,3403.752,0.858,64.247,0.5528
rf_detr,cpu,8,1,167.769,6.084,3372.314,0.941,64.247,0.2471
rf_detr,cpu,9,1,167.769,4.313,3394.407,0.409,64.247,0.5
rf_detr,cpu,10,1,167.769,5.021,3415.52,2.341,64.247,0.6085
rf_detr,cpu,11,1,167.769,5.538,3440.144,2.622,64.247,0.4788
rf_detr,cpu,12,1,167.769,9.379,3440.365,0.487,64.247,1.0
rf_detr,cpu,13,1,167.769,6.079,3430.343,2.716,64.247,0.4929
rf_detr,cpu,14,1,167.769,6.665,3447.041,0.642,64.247,0.7143
rf_detr,cpu,15,1,167.769,6.004,3456.269,0.333,64.247,0.4
rf_detr,cpu,16,1,167.769,7.202,3443.977,0.475,64.247,0.8875
rf_detr,cpu,17,1,167.769,5.54,3441.99,1.008,64.247,0.448
rf_detr,cpu,18,1,167.769,5.495,3488.842,1.653,64.247,0.75
rf_detr,cpu,19,1,167.769,6.177,3438.441,1.387,64.247,0.8125
rf_detr,cpu,20,1,167.769,5.635,3474.155,0.369,64.247,1.0
rf_detr,cpu,21,1,167.769,6.013,3476.421,1.381,64.247,0.7741
rf_detr,cpu,22,1,167.769,5.855,3493.12,1.251,64.247,0.6374
rf_detr,cpu,23,1,167.769,5.844,3490.146,0.835,64.247,0.8214
rf_detr,cpu,24,1,167.769,6.87,3485.666,0.984,64.247,0.9762
rf_detr,cpu,25,1,167.769,10.829,3494.672,0.159,64.247,1.0
rf_detr,cpu,26,1,167.769,6.879,3512.837,0.448,64.247,1.0
rf_detr,cpu,27,1,167.769,7.116,3504.556,0.478,64.247,0.4167
rf_detr,cpu,28,1,167.769,4.744,3506.713,0.487,64.247,0.8
rf_detr,cpu,29,1,167.769,2.812,3520.202,0.235,64.247,1.0
rf_detr,cpu,30,1,167.769,6.981,3524.566,0.496,64.247,1.0
rf_detr,cpu,31,1,167.769,5.185,3530.922,0.285,64.247,1.0
rf_detr,cpu,32,1,167.769,6.86,3523.511,0.628,64.247,0.6905
rf_detr,cpu,33,1,167.769,2.227,3536.882,0.403,64.247,1.0
rf_detr,cpu,34,1,167.769,7.52,3557.474,0.411,64.247,1.0
rf_detr,cpu,35,1,167.769,5.909,3534.438,0.204,64.247,1.0
rf_detr,cpu,36,1,167.769,4.791,3548.459,0.453,64.247,0.75
rf_detr,cpu,37,1,167.769,5.381,3531.862,0.387,64.247,1.0
rf_detr,cpu,38,1,167.769,4.733,3562.316,0.609,64.247,1.0
rf_detr,cpu,39,1,167.769,5.593,3548.83,0.495,64.247,0.6667
rf_detr,cpu,40,1,167.769,2.407,3547.572,0.43,64.247,1.0
rf_detr,cpu,41,1,167.769,5.197,3556.8,0.547,64.247,1.0
rf_detr,cpu,42,1,167.769,2.209,3564.086,0.451,64.247,0.6667
rf_detr,cpu,43,1,167.769,5.148,3582.195,0.427,64.247,1.0
rf_detr,cpu,44,1,167.769,6.763,3572.471,1.57,64.247,0.8223
rf_detr,cpu,45,1,167.769,6.069,3566.52,1.807,64.247,0.6514
rf_detr,cpu,46,1,167.769,6.77,3582.74,0.742,64.247,1.0
rf_detr,cpu,47,1,167.769,4.94,3574.612,1.315,64.247,0.75
rf_detr,cpu,48,1,167.769,4.46,3573.743,0.3,64.247,0.5
rf_detr,cpu,49,1,167.769,6.19,3583.258,1.056,64.247,0.7151
rf_detr,cpu,0,2,208.836,9.022,3581.244,1.606,61.531,0.5352
rf_detr,cpu,1,2,208.836,4.676,3592.923,1.333,61.531,0.8771
rf_detr,cpu,2,2,208.836,5.215,3585.379,0.552,61.531,0.7143
rf_detr,cpu,3,2,208.836,5.76,3574.886,0.963,61.531,0.6028
rf_detr,cpu,4,2,208.836,5.802,3611.629,0.878,61.531,0.6396
rf_detr,cpu,5,2,208.836,6.518,3597.251,0.553,61.531,1.0
rf_detr,cpu,6,2,208.836,8.274,3601.071,0.752,61.531,1.0
rf_detr,cpu,7,2,208.836,11.262,3608.349,1.131,61.531,0.5528
rf_detr,cpu,8,2,208.836,5.302,3608.915,0.725,61.531,0.2471
rf_detr,cpu,9,2,208.836,5.979,3621.651,0.41,61.531,0.5
rf_detr,cpu,10,2,208.836,2.783,3622.853,2.141,61.531,0.6085
rf_detr,cpu,11,2,208.836,6.228,3622.538,2.5,61.531,0.4788
rf_detr,cpu,12,2,208.836,9.545,3639.132,0.612,61.531,1.0
rf_detr,cpu,13,2,208.836,4.999,3637.324,2.784,61.531,0.4929
rf_detr,cpu,14,2,208.836,6.442,3633.227,0.605,61.531,0.7143
rf_detr,cpu,15,2,208.836,7.736,3634.717,0.381,61.531,0.4
rf_detr,cpu,16,2,208.836,5.772,3619.753,0.509,61.531,0.8875
rf_detr,cpu,17,2,208.836,3.603,3637.386,1.036,61.531,0.448
rf_detr,cpu,18,2,208.836,5.918,3648.866,1.232,61.531,0.75
rf_detr,cpu,19,2,208.836,5.767,3632.377,1.491,61.531,0.8125
rf_detr,cpu,20,2,208.836,5.573,3605.646,0.408,61.531,1.0
rf_detr,cpu,21,2,208.836,4.073,3643.126,0.973,61.531,0.7741
rf_detr,cpu,22,2,208.836,5.997,3632.607,1.193,61.531,0.6374
rf_detr,cpu,23,2,208.836,6.961,3667.278,0.689,61.531,0.8214
rf_detr,cpu,24,2,208.836,6.705,3644.343,0.732,61.531,0.9762
rf_detr,cpu,25,2,208.836,6.96,3650.374,0.163,61.531,1.0
rf_detr,cpu,26,2,208.836,5.28,3661.043,0.502,61.531,1.0
rf_detr,cpu,27,2,208.836,7.74,3643.312,0.597,61.531,0.4167
rf_detr,cpu,28,2,208.836,6.733,3657.58,0.508,61.531,0.8
rf_detr,cpu,29,2,208.836,4.527,3669.375,0.273,61.531,1.0
rf_detr,cpu,30,2,208.836,5.438,3674.639,0.499,61.531,1.0
rf_detr,cpu,31,2,208.836,3.215,3639.797,0.328,61.531,1.0
rf_detr,cpu,32,2,208.836,6.291,3644.857,0.93,61.531,0.6905
rf_detr,cpu,33,2,208.836,4.976,3648.862,0.239,61.531,1.0
rf_detr,cpu,34,2,208.836,2.945,3668.789,0.407,61.531,1.0
rf_detr,cpu,35,2,208.836,7.265,3666.111,0.243,61.531,1.0
rf_detr,cpu,36,2,208.836,5.224,3665.079,0.422,61.531,0.75
rf_detr,cpu,37,2,208.836,5.124,3681.593,0.432,61.531,1.0
rf_detr,cpu,38,2,208.836,6.267,3657.544,0.435,61.531,1.0
rf_detr,cpu,39,2,208.836,5.963,3688.94,0.544,61.531,0.6667
rf_detr,cpu,40,2,208.836,5.058,3665.374,0.375,61.531,1.0
rf_detr,cpu,41,2,208.836,5.397,3679.394,0.781,61.531,1.0
rf_detr,cpu,42,2,208.836,4.218,3679.906,0.413,61.531,0.6667
rf_detr,cpu,43,2,208.836,7.176,3686.181,0.4,61.531,1.0
rf_detr,cpu,44,2,208.836,7.096,3692.846,1.325,61.531,0.8223
rf_detr,cpu,45,2,208.836,6.378,3686.112,1.273,61.531,0.6514
rf_detr,cpu,46,2,208.836,6.558,3689.328,0.857,61.531,1.0
rf_detr,cpu,47,2,208.836,3.135,3708.727,1.272,61.531,0.75
rf_detr,cpu,48,2,208.836,5.013,3688.806,0.285,61.531,0.5
rf_detr,cpu,49,2,208.836,7.475,3702.459,1.121,61.531,0.7151
rf_detr,cpu,0,3,183.377,9.118,3755.521,1.612,62.703,0.5352
rf_detr,cpu,1,3,183.377,4.14,3680.472,1.431,62.703,0.8771
rf_detr,cpu,2,3,183.377,5.782,3686.967,0.565,62.703,0.7143
rf_detr,cpu,3,3,183.377,5.811,3698.853,1.305,62.703,0.6028
rf_detr,cpu,4,3,183.377,5.244,3700.496,0.875,62.703,0.6396
rf_detr,cpu,5,3,183.377,5.607,3701.708,0.527,62.703,1.0
rf_detr,cpu,6,3,183.377,6.338,3714.788,0.465,62.703,1.0
rf_detr,cpu,7,3,183.377,6.824,3708.926,0.922,62.703,0.5528
rf_detr,cpu,8,3,183.377,5.165,3687.795,0.795,62.703,0.2471
rf_detr,cpu,9,3,183.377,6.446,3726.767,0.441,62.703,0.5
rf_detr,cpu,10,3,183.377,4.887,3695.009,2.494,62.703,0.6085
rf_detr,cpu,11,3,183.377,6.051,3728.487,3.206,62.703,0.4788
rf_detr,cpu,12,3,183.377,4.681,3709.705,0.462,62.703,1.0
rf_detr,cpu,13,3,183.377,5.719,3737.31,2.781,62.703,0.4929
rf_detr,cpu,14,3,183.377,5.768,3735.539,0.892,62.703,0.7143
rf_detr,cpu,15,3,183.377,5.926,3735.133,0.928,62.703,0.4
rf_detr,cpu,16,3,183.377,4.034,3739.395,0.47,62.703,0.8875
rf_detr,cpu,17,3,183.377,5.613,3735.671,1.293,62.703,0.448
rf_detr,cpu,18,3,183.377,5.374,3731.575,1.463,62.703,0.75
rf_detr,cpu,19,3,183.377,5.796,3719.586,1.479,62.703,0.8125
rf_detr,cpu,20,3,183.377,6.455,3735.371,0.389,62.703,1.0
rf_detr,cpu,21,3,183.377,3.196,3714.945,1.342,62.703,0.7741
rf_detr,cpu,22,3,183.377,5.818,3712.087,7.369,62.703,0.6374
rf_detr,cpu,23,3,183.377,6.32,3730.741,1.02,62.703,0.8214
rf_detr,cpu,24,3,183.377,6.679,3750.668,0.709,62.703,0.9762
rf_detr,cpu,25,3,183.377,7.683,3741.119,0.196,62.703,1.0
rf_detr,cpu,26,3,183.377,4.145,3720.444,0.346,62.703,1.0
rf_detr,cpu,27,3,183.377,5.036,3744.151,0.376,62.703,0.4167
rf_detr,cpu,28,3,183.377,2.255,3743.204,0.676,62.703,0.8
rf_detr,cpu,29,3,183.377,6.58,3697.317,0.183,62.703,1.0
rf_detr,cpu,30,3,183.377,3.39,3722.346,0.389,62.703,1.0
rf_detr,cpu,31,3,183.377,2.384,3739.443,0.241,62.703,1.0
rf_detr,cpu,32,3,183.377,4.983,3764.955,0.778,62.703,0.6905
rf_detr,cpu,33,3,183.377,5.881,3761.809,0.251,62.703,1.0
rf_detr,cpu,34,3,183.377,6.379,3745.452,0.453,62.703,1.0
rf_detr,cpu,35,3,183.377,4.555,3761.201,0.21,62.703,1.0
rf_detr,cpu,36,3,183.377,5.586,3756.038,0.394,62.703,0.75
rf_detr,cpu,37,3,183.377,2.743,3750.71,0.535,62.703,1.0
rf_detr,cpu,38,3,183.377,3.363,3764.22,0.382,62.703,1.0
rf_detr,cpu,39,3,183.377,5.538,3773.105,0.498,62.703,0.6667
rf_detr,cpu,40,3,183.377,2.407,3731.167,0.348,62.703,1.0
rf_detr,cpu,41,3,183.377,5.666,3766.615,0.618,62.703,1.0
rf_detr,cpu,42,3,183.377,4.677,3758.609,0.369,62.703,0.6667
rf_detr,cpu,43,3,183.377,3.978,3760.012,0.493,62.703,1.0
rf_detr,cpu,44,3,183.377,3.086,3749.171,1.46,62.703,0.8223
rf_detr,cpu,45,3,183.377,6.539,3774.745,1.465,62.703,0.6514
rf_detr,cpu,46,3,183.377,2.266,3759.189,0.872,62.703,1.0
rf_detr,cpu,47,3,183.377,4.055,3738.472,1.362,62.703,0.75
rf_detr,cpu,48,3,183.377,5.14,3768.474,0.258,62.703,0.5
rf_detr,cpu,49,3,183.377,3.526,3749.526,1.073,62.703,0.7151
rtm_det,cpu,0,1,257.618,8.45,2675.772,8.689,40.941,0.1053
rtm_det,cpu,1,1,257.618,6.119,2816.256,0.178,40.941,0.0
rtm_det,cpu,2,1,257.618,4.701,2839.061,0.497,40.941,0.4286
rtm_det,cpu,3,1,257.618,5.697,2897.838,4.111,40.941,0.1176
rtm_det,cpu,4,1,257.618,17.767,2901.451,0.822,40.941,0.3333
rtm_det,cpu,5,1,257.618,7.773,2877.593,0.563,40.941,0.5
rtm_det,cpu,6,1,257.618,5.526,2909.142,0.222,40.941,0.0
rtm_det,cpu,7,1,257.618,7.302,2895.755,0.604,40.941,0.1538
rtm_det,cpu,8,1,257.618,6.109,2912.848,0.434,40.941,0.1
rtm_det,cpu,9,1,257.618,6.815,2967.193,0.191,40.941,0.0
rtm_det,cpu,10,1,257.618,6.395,2977.603,0.435,40.941,0.1154
rtm_det,cpu,11,1,257.618,6.774,2923.691,0.325,40.941,0.0556
rtm_det,cpu,12,1,257.618,6.96,2902.347,0.425,40.941,0.25
rtm_det,cpu,13,1,257.618,5.395,2885.576,0.18,40.941,0.0
rtm_det,cpu,14,1,257.618,6.914,2925.721,8.999,40.941,0.0
rtm_det,cpu,15,1,257.618,10.868,2904.59,0.177,40.941,0.0
rtm_det,cpu,16,1,257.618,6.959,2946.717,1.404,40.941,0.125
rtm_det,cpu,17,1,257.618,5.388,2900.486,0.39,40.941,0.0769
rtm_det,cpu,18,1,257.618,4.508,2904.758,0.172,40.941,0.0
rtm_det,cpu,19,1,257.618,7.252,2893.72,0.55,40.941,0.4375
rtm_det,cpu,20,1,257.618,6.278,2983.207,0.379,40.941,0.5
rtm_det,cpu,21,1,257.618,7.481,2874.087,0.546,40.941,0.3889
rtm_det,cpu,22,1,257.618,5.296,2919.065,0.562,40.941,0.2727
rtm_det,cpu,23,1,257.618,6.603,2978.884,0.81,40.941,0.5714
rtm_det,cpu,24,1,257.618,8.112,2930.54,0.268,40.941,0.1667
rtm_det,cpu,25,1,257.618,7.22,2977.213,0.202,40.941,1.0
rtm_det,cpu,26,1,257.618,22.749,2902.302,0.316,40.941,0.5
rtm_det,cpu,27,1,257.618,6.472,2889.209,0.451,40.941,0.25
rtm_det,cpu,28,1,257.618,4.734,2916.597,0.567,40.941,0.8
rtm_det,cpu,29,1,257.618,7.861,2917.362,0.223,40.941,1.0
rtm_det,cpu,30,1,257.618,8.123,2921.408,0.184,40.941,0.0
rtm_det,cpu,31,1,257.618,5.032,2905.463,8.973,40.941,1.0
rtm_det,cpu,32,1,257.618,8.512,2941.525,0.207,40.941,0.0
rtm_det,cpu,33,1,257.618,6.959,2938.312,0.159,40.941,0.0
rtm_det,cpu,34,1,257.618,3.918,2914.722,0.459,40.941,0.5
rtm_det,cpu,35,1,257.618,8.332,2891.865,0.618,40.941,1.0
rtm_det,cpu,36,1,257.618,4.571,2948.802,0.195,40.941,0.0
rtm_det,cpu,37,1,257.618,6.299,2882.778,0.213,40.941,0.0
rtm_det,cpu,38,1,257.618,5.521,2898.311,0.186,40.941,0.0
rtm_det,cpu,39,1,257.618,4.747,2973.909,0.349,40.941,0.3333
rtm_det,cpu,40,1,257.618,6.876,2897.155,9.56,40.941,0.5
rtm_det,cpu,41,1,257.618,9.612,2929.016,0.413,40.941,0.25
rtm_det,cpu,42,1,257.618,4.64,2915.433,0.206,40.941,0.0
rtm_det,cpu,43,1,257.618,5.078,2942.363,0.185,40.941,0.0
rtm_det,cpu,44,1,257.618,7.352,2893.763,0.487,40.941,0.2143
rtm_det,cpu,45,1,257.618,5.671,2935.529,0.343,40.941,0.0714
rtm_det,cpu,46,1,257.618,16.103,2903.543,0.364,40.941,0.1111
rtm_det,cpu,47,1,257.618,5.652,2892.506,8.856,40.941,0.5
rtm_det,cpu,48,1,257.618,4.383,2908.239,0.196,40.941,0.0
rtm_det,cpu,49,1,257.618,2.177,2929.901,0.544,40.941,0.3529
rtm_det,cpu,0,2,252.524,8.614,2930.343,0.409,44.816,0.1053
rtm_det,cpu,1,2,252.524,4.818,2930.141,0.245,44.816,0.0
rtm_det,cpu,2,2,252.524,19.06,2953.589,0.412,44.816,0.4286
rtm_det,cpu,3,2,252.524,6.779,2988.343,0.837,44.816,0.1176
rtm_det,cpu,4,2,252.524,6.603,2938.974,0.498,44.816,0.3333
rtm_det,cpu,5,2,252.524,7.899,2889.162,0.823,44.816,0.5
rtm_det,cpu,6,2,252.524,7.707,2924.42,0.211,44.816,0.0
rtm_det,cpu,7,2,252.524,5.124,2961.958,0.456,44.816,0.1538
rtm_det,cpu,8,2,252.524,6.135,2920.098,0.36,44.816,0.1
rtm_det,cpu,9,2,252.524,7.467,2881.923,0.207,44.816,0.0
rtm_det,cpu,10,2,252.524,4.605,2926.453,0.432,44.816,0.1154
rtm_det,cpu,11,2,252.524,7.323,2947.098,0.327,44.816,0.0556
rtm_det,cpu,12,2,252.524,7.51,2941.763,0.868,44.816,0.25
rtm_det,cpu,13,2,252.524,6.245,2951.547,0.182,44.816,0.0
rtm_det,cpu,14,2,252.524,6.903,2941.679,0.399,44.816,0.0
rtm_det,cpu,15,2,252.524,6.087,2925.739,0.196,44.816,0.0
rtm_det,cpu,16,2,252.524,6.305,2942.078,0.609,44.816,0.125
rtm_det,cpu,17,2,252.524,7.709,2863.89,0.366,44.816,0.0769
rtm_det,cpu,18,2,252.524,3.678,2887.355,0.335,44.816,0.0
rtm_det,cpu,19,2,252.524,17.042,2905.491,0.541,44.816,0.4375
rtm_det,cpu,20,2,252.524,5.153,2920.678,0.351,44.816,0.5
rtm_det,cpu,21,2,252.524,7.398,2918.978,0.793,44.816,0.3889
rtm_det,cpu,22,2,252.524,5.777,2982.956,9.597,44.816,0.2727
rtm_det,cpu,23,2,252.524,9.714,2894.342,0.61,44.816,0.5714
rtm_det,cpu,24,2,252.524,5.551,2971.174,0.746,44.816,0.1667
rtm_det,cpu,25,2,252.524,7.193,2946.445,0.432,44.816,1.0
rtm_det,cpu,26,2,252.524,6.045,2891.009,8.852,44.816,0.5
rtm_det,cpu,27,2,252.524,8.475,2917.621,0.326,44.816,0.25
rtm_det,cpu,28,2,252.524,4.576,2875.172,0.427,44.816,0.8
rtm_det,cpu,29,2,252.524,5.451,2891.66,8.48,44.816,1.0
rtm_det,cpu,30,2,252.524,9.849,2905.275,0.224,44.816,0.0
rtm_det,cpu,31,2,252.524,4.816,3010.584,0.242,44.816,1.0
rtm_det,cpu,32,2,252.524,4.161,2951.489,0.214,44.816,0.0
rtm_det,cpu,33,2,252.524,6.641,2943.21,0.192,44.816,0.0
rtm_det,cpu,34,2,252.524,7.29,2962.527,0.456,44.816,0.5
rtm_det,cpu,35,2,252.524,6.648,2963.909,0.285,44.816,1.0
rtm_det,cpu,36,2,252.524,6.442,2936.811,0.161,44.816,0.0
rtm_det,cpu,37,2,252.524,5.057,2937.111,0.248,44.816,0.0
rtm_det,cpu,38,2,252.524,5.752,2904.743,0.278,44.816,0.0
rtm_det,cpu,39,2,252.524,16.984,2933.758,0.397,44.816,0.3333
rtm_det,cpu,40,2,252.524,5.165,2956.235,0.506,44.816,0.5
rtm_det,cpu,41,2,252.524,7.1,2944.567,9.046,44.816,0.25
rtm_det,cpu,42,2,252.524,8.333,2943.4,0.183,44.816,0.0
rtm_det,cpu,43,2,252.524,7.234,2936.173,0.179,44.816,0.0
rtm_det,cpu,44,2,252.524,7.267,2927.623,0.443,44.816,0.2143
rtm_det,cpu,45,2,252.524,5.436,2951.608,0.439,44.816,0.0714
rtm_det,cpu,46,2,252.524,4.843,2912.351,0.426,44.816,0.1111
rtm_det,cpu,47,2,252.524,6.262,2948.727,0.425,44.816,0.5
rtm_det,cpu,48,2,252.524,5.102,3015.025,0.389,44.816,0.0
rtm_det,cpu,49,2,252.524,4.554,2941.786,0.474,44.816,0.3529
rtm_det,cpu,0,3,253.165,9.474,2923.431,0.621,44.962,0.1053
rtm_det,cpu,1,3,253.165,3.731,2908.552,0.219,44.962,0.0
rtm_det,cpu,2,3,253.165,4.801,2998.409,0.499,44.962,0.4286
rtm_det,cpu,3,3,253.165,6.95,2966.882,0.483,44.962,0.1176
rtm_det,cpu,4,3,253.165,4.774,2938.109,0.49,44.962,0.3333
rtm_det,cpu,5,3,253.165,5.967,2959.039,0.335,44.962,0.5
rtm_det,cpu,6,3,253.165,16.525,2943.645,0.18,44.962,0.0
rtm_det,cpu,7,3,253.165,18.18,2952.527,3.889,44.962,0.1538
rtm_det,cpu,8,3,253.165,4.72,3010.003,5.891,44.962,0.1
rtm_det,cpu,9,3,253.165,6.957,2957.97,0.174,44.962,0.0
rtm_det,cpu,10,3,253.165,4.572,2976.068,0.489,44.962,0.1154
rtm_det,cpu,11,3,253.165,8.243,2924.553,0.353,44.962,0.0556
rtm_det,cpu,12,3,253.165,5.62,2950.723,0.361,44.962,0.25
rtm_det,cpu,13,3,253.165,4.768,2946.017,0.252,44.962,0.0
rtm_det,cpu,14,3,253.165,6.357,2926.425,0.215,44.962,0.0
rtm_det,cpu,15,3,253.165,4.693,3004.736,0.172,44.962,0.0
rtm_det,cpu,16,3,253.165,7.161,2891.815,9.039,44.962,0.125
rtm_det,cpu,17,3,253.165,6.968,2956.834,0.453,44.962,0.0769
rtm_det,cpu,18,3,253.165,4.784,2980.87,0.187,44.962,0.0
rtm_det,cpu,19,3,253.165,4.838,2985.573,3.87,44.962,0.4375
rtm_det,cpu,20,3,253.165,18.683,2948.333,0.312,44.962,0.5
rtm_det,cpu,21,3,253.165,6.221,2925.816,0.817,44.962,0.3889
rtm_det,cpu,22,3,253.165,4.495,2918.997,0.938,44.962,0.2727
rtm_det,cpu,23,3,253.165,6.422,2959.591,0.456,44.962,0.5714
rtm_det,cpu,24,3,253.165,6.968,2947.332,0.311,44.962,0.1667
rtm_det,cpu,25,3,253.165,8.155,2933.851,0.175,44.962,1.0
rtm_det,cpu,26,3,253.165,4.839,2999.827,0.311,44.962,0.5
rtm_det,cpu,27,3,253.165,6.29,3049.566,0.375,44.962,0.25
rtm_det,cpu,28,3,253.165,6.382,2955.631,1.071,44.962,0.8
rtm_det,cpu,29,3,253.165,4.716,2929.053,0.225,44.962,1.0
rtm_det,cpu,30,3,253.165,15.068,2957.106,0.394,44.962,0.0
rtm_det,cpu,31,3,253.165,6.218,2956.421,0.434,44.962,1.0
rtm_det,cpu,32,3,253.165,5.474,2941.593,0.168,44.962,0.0
rtm_det,cpu,33,3,253.165,5.164,2926.048,0.163,44.962,0.0
rtm_det,cpu,34,3,253.165,4.842,2964.676,0.347,44.962,0.5
rtm_det,cpu,35,3,253.165,7.457,2991.728,0.633,44.962,1.0
rtm_det,cpu,36,3,253.165,6.061,2914.123,0.2,44.962,0.0
rtm_det,cpu,37,3,253.165,16.81,2959.736,0.169,44.962,0.0
rtm_det,cpu,38,3,253.165,4.375,2919.122,0.217,44.962,0.0
rtm_det,cpu,39,3,253.165,14.576,2948.474,9.648,44.962,0.3333
rtm_det,cpu,40,3,253.165,9.801,2974.793,0.39,44.962,0.5
rtm_det,cpu,41,3,253.165,6.186,2961.261,0.416,44.962,0.25
rtm_det,cpu,42,3,253.165,7.049,2963.268,0.221,44.962,0.0
rtm_det,cpu,43,3,253.165,4.393,2924.738,0.191,44.962,0.0
rtm_det,cpu,44,3,253.165,5.573,2955.095,0.477,44.962,0.2143
rtm_det,cpu,45,3,253.165,6.681,2931.49,0.477,44.962,0.0714
rtm_det,cpu,46,3,253.165,19.148,2916.869,0.401,44.962,0.1111
rtm_det,cpu,47,3,253.165,6.727,2993.937,0.368,44.962,0.5
rtm_det,cpu,48,3,253.165,7.294,2993.276,0.162,44.962,0.0
rtm_det,cpu,49,3,253.165,2.255,2920.387,0.618,44.962,0.3529
detectron2_w8a16,cpu,0,1,225.814,6.372,46894.316,4.159,0.414,0.1622
detectron2_w8a16,cpu,1,1,225.814,2.812,47493.379,4.064,0.414,0.1306
detectron2_w8a16,cpu,2,1,225.814,8.912,49755.9,0.971,0.414,0.6905
detectron2_w8a16,cpu,3,1,225.814,9.344,51020.941,3.499,0.414,0.351
detectron2_w8a16,cpu,4,1,225.814,11.464,52815.535,2.122,0.414,0.3333
detectron2_w8a16,cpu,5,1,225.814,10.864,54282.726,1.493,0.414,1.0
detectron2_w8a16,cpu,6,1,225.814,7.941,55640.778,1.365,0.414,0.25
detectron2_w8a16,cpu,7,1,225.814,13.831,56437.222,2.549,0.414,0.228
detectron2_w8a16,cpu,8,1,225.814,10.531,45362.456,1.0,0.414,0.3417
detectron2_w8a16,cpu,9,1,225.814,5.203,37284.371,0.507,0.414,1.0
detectron2_w8a16,cpu,10,1,225.814,3.557,57646.001,4.318,0.414,0.2886
detectron2_w8a16,cpu,11,1,225.814,9.568,58796.532,12.178,0.414,0.2413
detectron2_w8a16,cpu,12,1,225.814,12.379,54480.052,1.055,0.414,0.2917
detectron2_w8a16,cpu,13,1,225.814,14.638,59287.207,4.95,0.414,0.2809
detectron2_w8a16,cpu,14,1,225.814,7.859,45380.475,0.513,0.414,0.1667
detectron2_w8a16,cpu,15,1,225.814,5.301,60131.337,0.861,0.414,0.3333
detectron2_w8a16,cpu,16,1,225.814,11.152,45902.636,0.817,0.414,0.75
detectron2_w8a16,cpu,17,1,225.814,3.806,60068.72,1.0,0.414,0.0769
detectron2_w8a16,cpu,18,1,225.814,12.217,60570.929,5.23,0.414,0.5187
detectron2_w8a16,cpu,19,1,225.814,10.397,60528.563,3.003,0.414,0.5625
detectron2_w8a16,cpu,20,1,225.814,11.595,43038.112,0.619,0.414,1.0
detectron2_w8a16,cpu,21,1,225.814,6.04,61117.622,7.084,0.414,0.4292
detectron2_w8a16,cpu,22,1,225.814,10.583,61383.229,4.26,0.414,0.4387
detectron2_w8a16,cpu,23,1,225.814,8.111,61500.816,2.103,0.414,0.5238
detectron2_w8a16,cpu,24,1,225.814,11.618,61895.839,3.586,0.414,0.4968
detectron2_w8a16,cpu,25,1,225.814,11.797,45411.064,0.428,0.414,0.0
detectron2_w8a16,cpu,26,1,225.814,5.182,34788.506,0.588,0.414,1.0
detectron2_w8a16,cpu,27,1,225.814,3.669,43368.63,0.646,0.414,0.5
detectron2_w8a16,cpu,28,1,225.814,4.365,61469.487,3.426,0.414,0.8
detectron2_w8a16,cpu,29,1,225.814,14.162,59175.761,0.301,0.414,1.0
detectron2_w8a16,cpu,30,1,225.814,19.325,62178.311,1.728,0.414,1.0
detectron2_w8a16,cpu,31,1,225.814,13.322,62254.304,0.788,0.414,1.0
detectron2_w8a16,cpu,32,1,225.814,7.272,62072.463,1.624,0.414,0.2857
detectron2_w8a16,cpu,33,1,225.814,13.382,33362.503,0.495,0.414,1.0
detectron2_w8a16,cpu,34,1,225.814,4.022,62734.993,0.676,0.414,0.5
detectron2_w8a16,cpu,35,1,225.814,9.316,47603.567,0.487,0.414,1.0
detectron2_w8a16,cpu,36,1,225.814,6.269,35915.487,0.78,0.414,0.65
detectron2_w8a16,cpu,37,1,225.814,3.585,36490.086,0.592,0.414,1.0
detectron2_w8a16,cpu,38,1,225.814,5.608,35898.554,0.576,0.414,1.0
detectron2_w8a16,cpu,39,1,225.814,9.012,62645.015,0.949,0.414,0.0
detectron2_w8a16,cpu,40,1,225.814,17.627,62523.082,0.968,0.414,1.0
detectron2_w8a16,cpu,41,1,225.814,13.836,47450.675,0.679,0.414,1.0
detectron2_w8a16,cpu,42,1,225.814,4.164,50320.404,1.008,0.414,0.9167
detectron2_w8a16,cpu,43,1,225.814,6.644,42184.907,0.427,0.414,1.0
detectron2_w8a16,cpu,44,1,225.814,3.82,63661.696,6.529,0.414,0.5991
detectron2_w8a16,cpu,45,1,225.814,7.236,63521.104,5.092,0.414,0.1409
detectron2_w8a16,cpu,46,1,225.814,10.032,62496.665,1.748,0.414,0.3333
detectron2_w8a16,cpu,47,1,225.814,17.087,62728.322,1.243,0.414,0.5
detectron2_w8a16,cpu,48,1,225.814,14.296,63605.903,0.592,0.414,0.5
detectron2_w8a16,cpu,49,1,225.814,13.672,63390.572,6.346,0.414,0.7131
detectron2_w8a16,cpu,0,2,0.226,3.808,63464.481,4.9,0.366,0.1622
detectron2_w8a16,cpu,1,2,0.226,8.406,63569.063,3.681,0.366,0.1306
detectron2_w8a16,cpu,2,2,0.226,12.001,63218.791,1.961,0.366,0.6905
detectron2_w8a16,cpu,3,2,0.226,5.829,63085.319,4.806,0.366,0.351
detectron2_w8a16,cpu,4,2,0.226,8.373,63177.456,1.339,0.366,0.3333
detectron2_w8a16,cpu,5,2,0.226,9.204,63565.068,1.815,0.366,1.0
detectron2_w8a16,cpu,6,2,0.226,17.645,63914.61,1.607,0.366,0.25
detectron2_w8a16,cpu,7,2,0.226,14.696,63622.041,3.36,0.366,0.228
detectron2_w8a16,cpu,8,2,0.226,13.015,50296.921,1.092,0.366,0.3417
detectron2_w8a16,cpu,9,2,0.226,4.676,41094.629,0.556,0.366,1.0
detectron2_w8a16,cpu,10,2,0.226,3.607,63482.126,5.217,0.366,0.2886
detectron2_w8a16,cpu,11,2,0.226,14.764,63456.656,13.409,0.366,0.2413
detectron2_w8a16,cpu,12,2,0.226,12.643,58393.795,0.834,0.366,0.2917
detectron2_w8a16,cpu,13,2,0.226,5.477,63970.414,5.101,0.366,0.2809
detectron2_w8a16,cpu,14,2,0.226,11.975,48474.463,0.615,0.366,0.1667
detectron2_w8a16,cpu,15,2,0.226,6.166,63836.813,1.234,0.366,0.3333
detectron2_w8a16,cpu,16,2,0.226,13.534,48775.76,0.831,0.366,0.75
detectron2_w8a16,cpu,17,2,0.226,6.598,63083.56,1.064,0.366,0.0769
detectron2_w8a16,cpu,18,2,0.226,10.984,63419.792,5.577,0.366,0.5187
detectron2_w8a16,cpu,19,2,0.226,12.435,63385.118,3.111,0.366,0.5625
detectron2_w8a16,cpu,20,2,0.226,12.835,45120.815,0.577,0.366,1.0
detectron2_w8a16,cpu,21,2,0.226,4.029,63416.345,5.121,0.366,0.4292
detectron2_w8a16,cpu,22,2,0.226,14.988,63742.231,3.439,0.366,0.4387
detectron2_w8a16,cpu,23,2,0.226,16.189,63549.494,1.182,0.366,0.5238
detectron2_w8a16,cpu,24,2,0.226,13.978,64031.771,3.9,0.366,0.4968
detectron2_w8a16,cpu,25,2,0.226,14.557,46904.976,0.447,0.366,0.0
detectron2_w8a16,cpu,26,2,0.226,5.47,35446.715,0.635,0.366,1.0
detectron2_w8a16,cpu,27,2,0.226,20.301,44667.663,0.557,0.366,0.5
detectron2_w8a16,cpu,28,2,0.226,4.061,63510.93,10.785,0.366,0.8
detectron2_w8a16,cpu,29,2,0.226,13.622,60721.709,0.333,0.366,1.0
detectron2_w8a16,cpu,30,2,0.226,7.984,63710.723,1.742,0.366,1.0
detectron2_w8a16,cpu,31,2,0.226,20.775,63397.784,1.312,0.366,1.0
detectron2_w8a16,cpu,32,2,0.226,8.385,63606.873,1.622,0.366,0.2857
detectron2_w8a16,cpu,33,2,0.226,15.425,34436.261,0.405,0.366,1.0
detectron2_w8a16,cpu,34,2,0.226,8.202,63851.124,1.147,0.366,0.5
detectron2_w8a16,cpu,35,2,0.226,18.482,48199.499,0.491,0.366,1.0
detectron2_w8a16,cpu,36,2,0.226,3.642,36543.065,0.71,0.366,0.65
detectron2_w8a16,cpu,37,2,0.226,3.739,37455.415,0.594,0.366,1.0
detectron2_w8a16,cpu,38,2,0.226,5.021,36633.531,0.573,0.366,1.0
detectron2_w8a16,cpu,39,2,0.226,4.825,63521.435,0.55,0.366,0.0
detectron2_w8a16,cpu,40,2,0.226,18.739,63964.747,1.096,0.366,1.0
detectron2_w8a16,cpu,41,2,0.226,14.05,48601.579,0.557,0.366,1.0
detectron2_w8a16,cpu,42,2,0.226,5.946,51314.978,1.163,0.366,0.9167
detectron2_w8a16,cpu,43,2,0.226,4.749,42694.278,0.488,0.366,1.0
detectron2_w8a16,cpu,44,2,0.226,6.734,64751.432,17.368,0.366,0.5991
detectron2_w8a16,cpu,45,2,0.226,4.111,64192.705,5.187,0.366,0.1409
detectron2_w8a16,cpu,46,2,0.226,8.277,63683.369,0.842,0.366,0.3333
detectron2_w8a16,cpu,47,2,0.226,9.169,64045.521,1.251,0.366,0.5
detectron2_w8a16,cpu,48,2,0.226,18.39,64173.718,0.962,0.366,0.5
detectron2_w8a16,cpu,49,2,0.226,17.817,64224.245,6.065,0.366,0.7131
detectron2_w8a16,cpu,0,3,0.249,3.379,64307.382,5.264,0.376,0.1622
detectron2_w8a16,cpu,1,3,0.249,12.392,64277.183,3.566,0.376,0.1306
detectron2_w8a16,cpu,2,3,0.249,7.812,64627.844,2.018,0.376,0.6905
detectron2_w8a16,cpu,3,3,0.249,13.881,64021.41,4.871,0.376,0.351
detectron2_w8a16,cpu,4,3,0.249,12.12,64222.043,2.105,0.376,0.3333
detectron2_w8a16,cpu,5,3,0.249,15.21,65018.382,1.024,0.376,1.0
detectron2_w8a16,cpu,6,3,0.249,21.165,64792.544,1.454,0.376,0.25
detectron2_w8a16,cpu,7,3,0.249,14.568,64609.99,3.14,0.376,0.228
detectron2_w8a16,cpu,8,3,0.249,11.229,50738.991,1.23,0.376,0.3417
detectron2_w8a16,cpu,9,3,0.249,4.036,41482.579,0.583,0.376,1.0
detectron2_w8a16,cpu,10,3,0.249,5.12,63922.608,5.237,0.376,0.2886
detectron2_w8a16,cpu,11,3,0.249,12.876,64259.242,9.952,0.376,0.2413
detectron2_w8a16,cpu,12,3,0.249,4.065,58918.275,0.832,0.376,0.2917
detectron2_w8a16,cpu,13,3,0.249,6.474,64606.972,5.223,0.376,0.2809
detectron2_w8a16,cpu,14,3,0.249,9.424,49092.656,0.521,0.376,0.1667
detectron2_w8a16,cpu,15,3,0.249,7.085,64331.954,1.283,0.376,0.3333
detectron2_w8a16,cpu,16,3,0.249,17.874,49213.577,0.81,0.376,0.75
detectron2_w8a16,cpu,17,3,0.249,4.849,63479.222,1.049,0.376,0.0769
detectron2_w8a16,cpu,18,3,0.249,16.974,63998.586,5.03,0.376,0.5187
detectron2_w8a16,cpu,19,3,0.249,11.045,64060.759,3.467,0.376,0.5625
detectron2_w8a16,cpu,20,3,0.249,12.313,45645.755,0.569,0.376,1.0
detectron2_w8a16,cpu,21,3,0.249,4.482,63832.173,6.5,0.376,0.4292
detectron2_w8a16,cpu,22,3,0.249,12.385,64016.506,3.472,0.376,0.4387
detectron2_w8a16,cpu,23,3,0.249,11.352,64111.126,2.195,0.376,0.5238
detectron2_w8a16,cpu,24,3,0.249,8.847,64421.879,3.472,0.376,0.4968
detectron2_w8a16,cpu,25,3,0.249,19.373,47108.88,0.49,0.376,0.0
detectron2_w8a16,cpu,26,3,0.249,4.191,36124.564,0.702,0.376,1.0
detectron2_w8a16,cpu,27,3,0.249,4.081,45014.034,1.357,0.376,0.5
detectron2_w8a16,cpu,28,3,0.249,6.616,64679.815,1.605,0.376,0.8
detectron2_w8a16,cpu,29,3,0.249,11.641,61177.84,0.243,0.376,1.0
detectron2_w8a16,cpu,30,3,0.249,9.184,64138.939,1.821,0.376,1.0
detectron2_w8a16,cpu,31,3,0.249,13.583,64025.481,1.371,0.376,1.0
detectron2_w8a16,cpu,32,3,0.249,14.261,63955.072,1.55,0.376,0.2857
detectron2_w8a16,cpu,33,3,0.249,5.525,34597.88,0.445,0.376,1.0
detectron2_w8a16,cpu,34,3,0.249,4.028,63967.628,0.97,0.376,0.5
detectron2_w8a16,cpu,35,3,0.249,17.875,48348.428,0.552,0.376,1.0
detectron2_w8a16,cpu,36,3,0.249,6.275,36700.079,0.596,0.376,0.65
detectron2_w8a16,cpu,37,3,0.249,3.72,37572.322,0.554,0.376,1.0
detectron2_w8a16,cpu,38,3,0.249,3.877,36697.286,0.481,0.376,1.0
detectron2_w8a16,cpu,39,3,0.249,4.169,64191.729,1.794,0.376,0.0
detectron2_w8a16,cpu,40,3,0.249,23.329,63884.345,1.173,0.376,1.0
detectron2_w8a16,cpu,41,3,0.249,11.326,48783.888,0.74,0.376,1.0
detectron2_w8a16,cpu,42,3,0.249,4.549,51754.847,1.962,0.376,0.9167
detectron2_w8a16,cpu,43,3,0.249,7.416,42990.892,0.44,0.376,1.0
detectron2_w8a16,cpu,44,3,0.249,4.072,64654.686,6.215,0.376,0.5991
detectron2_w8a16,cpu,45,3,0.249,10.675,64035.227,16.12,0.376,0.1409
detectron2_w8a16,cpu,46,3,0.249,6.268,63917.85,1.827,0.376,0.3333
detectron2_w8a16,cpu,47,3,0.249,23.302,64203.383,1.316,0.376,0.5
detectron2_w8a16,cpu,48,3,0.249,10.76,64115.838,0.514,0.376,0.5
detectron2_w8a16,cpu,49,3,0.249,6.74,64441.636,5.457,0.376,0.7131
detectron2_w8a16,npu,0,1,2795.832,8.676,646.653,0.944,112.392,0.4571
detectron2_w8a16,npu,1,1,2795.832,8.28,609.436,0.767,112.392,0.5635
detectron2_w8a16,npu,2,1,2795.832,11.541,593.336,0.887,112.392,0.7143
detectron2_w8a16,npu,3,1,2795.832,21.406,757.559,1.213,112.392,0.582
detectron2_w8a16,npu,4,1,2795.832,10.933,621.017,1.057,112.392,0.4742
detectron2_w8a16,npu,5,1,2795.832,9.973,589.311,0.611,112.392,1.0
detectron2_w8a16,npu,6,1,2795.832,10.198,559.545,0.82,112.392,0.3333
detectron2_w8a16,npu,7,1,2795.832,8.928,576.221,0.834,112.392,0.5104
detectron2_w8a16,npu,8,1,2795.832,11.503,556.811,0.518,112.392,0.3667
detectron2_w8a16,npu,9,1,2795.832,20.5,558.388,0.573,112.392,0.8333
detectron2_w8a16,npu,10,1,2795.832,8.361,706.587,1.236,112.392,0.4637
detectron2_w8a16,npu,11,1,2795.832,8.245,629.449,2.413,112.392,0.3605
detectron2_w8a16,npu,12,1,2795.832,7.746,562.138,1.183,112.392,1.0
detectron2_w8a16,npu,13,1,2795.832,8.929,595.606,1.645,112.392,0.2722
detectron2_w8a16,npu,14,1,2795.832,7.968,531.601,1.106,112.392,0.1667
detectron2_w8a16,npu,15,1,2795.832,7.022,617.626,0.456,112.392,0.4833
detectron2_w8a16,npu,16,1,2795.832,8.675,527.951,0.883,112.392,0.6042
detectron2_w8a16,npu,17,1,2795.832,7.579,650.585,0.718,112.392,0.1077
detectron2_w8a16,npu,18,1,2795.832,14.836,792.088,1.008,112.392,0.5689
detectron2_w8a16,npu,19,1,2795.832,6.973,679.775,0.826,112.392,0.6704
detectron2_w8a16,npu,20,1,2795.832,6.746,523.027,0.481,112.392,1.0
detectron2_w8a16,npu,21,1,2795.832,8.227,690.989,1.428,112.392,0.6332
detectron2_w8a16,npu,22,1,2795.832,6.605,682.541,1.593,112.392,0.4843
detectron2_w8a16,npu,23,1,2795.832,7.457,585.5,0.694,112.392,0.7143
detectron2_w8a16,npu,24,1,2795.832,7.237,581.519,0.95,112.392,0.6218
detectron2_w8a16,npu,25,1,2795.832,13.134,538.925,0.373,112.392,0.0
detectron2_w8a16,npu,26,1,2795.832,7.143,533.812,0.552,112.392,1.0
detectron2_w8a16,npu,27,1,2795.832,8.872,537.162,0.556,112.392,0.5
detectron2_w8a16,npu,28,1,2795.832,11.647,670.021,0.645,112.392,0.8
detectron2_w8a16,npu,29,1,2795.832,13.691,564.584,0.156,112.392,1.0
detectron2_w8a16,npu,30,1,2795.832,15.737,640.619,0.524,112.392,1.0
detectron2_w8a16,npu,31,1,2795.832,14.221,654.006,0.405,112.392,1.0
detectron2_w8a16,npu,32,1,2795.832,8.145,616.223,0.899,112.392,0.2381
detectron2_w8a16,npu,33,1,2795.832,7.785,540.58,0.516,112.392,1.0
detectron2_w8a16,npu,34,1,2795.832,12.367,657.197,0.482,112.392,0.5
detectron2_w8a16,npu,35,1,2795.832,15.278,542.271,0.426,112.392,1.0
detectron2_w8a16,npu,36,1,2795.832,15.321,545.842,1.118,112.392,0.75
detectron2_w8a16,npu,37,1,2795.832,18.421,555.672,0.71,112.392,1.0
detectron2_w8a16,npu,38,1,2795.832,14.529,539.081,0.641,112.392,1.0
detectron2_w8a16,npu,39,1,2795.832,16.373,747.279,0.399,112.392,0.6667
detectron2_w8a16,npu,40,1,2795.832,14.254,661.386,0.557,112.392,1.0
detectron2_w8a16,npu,41,1,2795.832,11.831,545.514,1.186,112.392,1.0
detectron2_w8a16,npu,42,1,2795.832,18.051,574.442,1.654,112.392,0.9167
detectron2_w8a16,npu,43,1,2795.832,13.977,533.911,1.183,112.392,1.0
detectron2_w8a16,npu,44,1,2795.832,10.215,592.601,1.152,112.392,0.6276
detectron2_w8a16,npu,45,1,2795.832,12.235,627.883,1.165,112.392,0.4005
detectron2_w8a16,npu,46,1,2795.832,15.718,722.224,0.605,112.392,0.8889
detectron2_w8a16,npu,47,1,2795.832,10.811,658.143,0.384,112.392,0.5
detectron2_w8a16,npu,48,1,2795.832,13.871,571.302,0.359,112.392,0.5
detectron2_w8a16,npu,49,1,2795.832,13.028,606.568,1.19,112.392,0.6415
detectron2_w8a16,npu,0,2,1056.89,5.888,628.533,0.947,114.831,0.4571
detectron2_w8a16,npu,1,2,1056.89,11.138,613.955,0.9,114.831,0.5635
detectron2_w8a16,npu,2,2,1056.89,13.083,585.655,1.127,114.831,0.7143
detectron2_w8a16,npu,3,2,1056.89,13.713,727.037,1.168,114.831,0.582
detectron2_w8a16,npu,4,2,1056.89,13.053,625.749,0.658,114.831,0.4742
detectron2_w8a16,npu,5,2,1056.89,12.88,574.347,0.777,114.831,1.0
detectron2_w8a16,npu,6,2,1056.89,13.718,591.078,0.492,114.831,0.3333
detectron2_w8a16,npu,7,2,1056.89,13.361,572.167,0.949,114.831,0.5104
detectron2_w8a16,npu,8,2,1056.89,15.967,552.633,0.617,114.831,0.3667
detectron2_w8a16,npu,9,2,1056.89,12.159,551.434,0.813,114.831,0.8333
detectron2_w8a16,npu,10,2,1056.89,13.395,724.544,0.946,114.831,0.4637
detectron2_w8a16,npu,11,2,1056.89,14.872,617.386,2.532,114.831,0.3605
detectron2_w8a16,npu,12,2,1056.89,12.337,566.634,0.826,114.831,1.0
detectron2_w8a16,npu,13,2,1056.89,16.602,606.177,1.222,114.831,0.2722
detectron2_w8a16,npu,14,2,1056.89,13.392,545.044,1.006,114.831,0.1667
detectron2_w8a16,npu,15,2,1056.89,12.69,609.493,0.81,114.831,0.4833
detectron2_w8a16,npu,16,2,1056.89,14.626,565.275,0.826,114.831,0.6042
detectron2_w8a16,npu,17,2,1056.89,14.965,643.007,0.881,114.831,0.1077
detectron2_w8a16,npu,18,2,1056.89,15.637,792.268,1.427,114.831,0.5689
detectron2_w8a16,npu,19,2,1056.89,14.592,695.255,0.954,114.831,0.6704
detectron2_w8a16,npu,20,2,1056.89,13.054,534.708,0.609,114.831,1.0
detectron2_w8a16,npu,21,2,1056.89,14.894,678.268,1.137,114.831,0.6332
detectron2_w8a16,npu,22,2,1056.89,11.022,678.335,1.65,114.831,0.4843
detectron2_w8a16,npu,23,2,1056.89,23.345,592.699,0.511,114.831,0.7143
detectron2_w8a16,npu,24,2,1056.89,9.409,581.219,0.971,114.831,0.6218
detectron2_w8a16,npu,25,2,1056.89,8.457,555.862,0.317,114.831,0.0
detectron2_w8a16,npu,26,2,1056.89,25.09,541.378,1.042,114.831,1.0
detectron2_w8a16,npu,27,2,1056.89,8.915,547.468,0.581,114.831,0.5
detectron2_w8a16,npu,28,2,1056.89,10.484,662.834,0.625,114.831,0.8
detectron2_w8a16,npu,29,2,1056.89,20.132,570.759,0.145,114.831,1.0
detectron2_w8a16,npu,30,2,1056.89,9.995,633.681,0.61,114.831,1.0
detectron2_w8a16,npu,31,2,1056.89,10.076,652.007,0.393,114.831,1.0
detectron2_w8a16,npu,32,2,1056.89,8.951,608.951,0.794,114.831,0.2381
detectron2_w8a16,npu,33,2,1056.89,8.876,530.191,0.371,114.831,1.0
detectron2_w8a16,npu,34,2,1056.89,9.983,642.594,0.471,114.831,0.5
detectron2_w8a16,npu,35,2,1056.89,17.769,515.079,0.844,114.831,1.0
detectron2_w8a16,npu,36,2,1056.89,8.846,535.902,1.56,114.831,0.75
detectron2_w8a16,npu,37,2,1056.89,9.327,537.531,0.553,114.831,1.0
detectron2_w8a16,npu,38,2,1056.89,9.495,538.112,0.606,114.831,1.0
detectron2_w8a16,npu,39,2,1056.89,10.42,722.455,0.464,114.831,0.6667
detectron2_w8a16,npu,40,2,1056.89,9.844,649.567,0.505,114.831,1.0
detectron2_w8a16,npu,41,2,1056.89,9.241,557.142,1.254,114.831,1.0
detectron2_w8a16,npu,42,2,1056.89,8.109,555.526,1.076,114.831,0.9167
detectron2_w8a16,npu,43,2,1056.89,10.224,533.192,0.766,114.831,1.0
detectron2_w8a16,npu,44,2,1056.89,14.59,578.213,1.425,114.831,0.6276
detectron2_w8a16,npu,45,2,1056.89,15.037,644.266,0.969,114.831,0.4005
detectron2_w8a16,npu,46,2,1056.89,13.651,706.026,0.94,114.831,0.8889
detectron2_w8a16,npu,47,2,1056.89,13.376,650.133,0.467,114.831,0.5
detectron2_w8a16,npu,48,2,1056.89,6.768,566.95,0.362,114.831,0.5
detectron2_w8a16,npu,49,2,1056.89,17.315,600.831,1.435,114.831,0.6415
detectron2_w8a16,npu,0,3,1055.09,8.936,654.801,0.956,116.608,0.4571
detectron2_w8a16,npu,1,3,1055.09,8.86,622.116,0.728,116.608,0.5635
detectron2_w8a16,npu,2,3,1055.09,16.751,587.593,0.605,116.608,0.7143
detectron2_w8a16,npu,3,3,1055.09,17.238,727.23,0.987,116.608,0.582
detectron2_w8a16,npu,4,3,1055.09,15.301,623.627,0.775,116.608,0.4742
detectron2_w8a16,npu,5,3,1055.09,15.483,589.507,0.722,116.608,1.0
detectron2_w8a16,npu,6,3,1055.09,14.419,577.47,0.667,116.608,0.3333
detectron2_w8a16,npu,7,3,1055.09,15.558,575.024,0.842,116.608,0.5104
detectron2_w8a16,npu,8,3,1055.09,15.093,554.532,0.673,116.608,0.3667
detectron2_w8a16,npu,9,3,1055.09,14.733,537.157,0.803,116.608,0.8333
detectron2_w8a16,npu,10,3,1055.09,17.179,734.564,1.429,116.608,0.4637
detectron2_w8a16,npu,11,3,1055.09,17.495,636.089,1.94,116.608,0.3605
detectron2_w8a16,npu,12,3,1055.09,15.122,553.858,0.874,116.608,1.0
detectron2_w8a16,npu,13,3,1055.09,16.839,596.871,1.792,116.608,0.2722
detectron2_w8a16,npu,14,3,1055.09,15.195,547.612,0.559,116.608,0.1667
detectron2_w8a16,npu,15,3,1055.09,16.858,629.147,0.463,116.608,0.4833
detectron2_w8a16,npu,16,3,1055.09,15.249,553.429,1.368,116.608,0.6042
detectron2_w8a16,npu,17,3,1055.09,19.905,662.178,0.518,116.608,0.1077
detectron2_w8a16,npu,18,3,1055.09,15.231,776.752,1.676,116.608,0.5689
detectron2_w8a16,npu,19,3,1055.09,16.062,695.52,0.825,116.608,0.6704
detectron2_w8a16,npu,20,3,1055.09,15.232,558.68,0.88,116.608,1.0
detectron2_w8a16,npu,21,3,1055.09,20.22,707.027,1.71,116.608,0.6332
detectron2_w8a16,npu,22,3,1055.09,15.779,680.271,1.088,116.608,0.4843
detectron2_w8a16,npu,23,3,1055.09,15.635,586.052,0.573,116.608,0.7143
detectron2_w8a16,npu,24,3,1055.09,11.977,584.545,0.78,116.608,0.6218
detectron2_w8a16,npu,25,3,1055.09,14.904,540.796,0.38,116.608,0.0
detectron2_w8a16,npu,26,3,1055.09,19.513,547.904,0.512,116.608,1.0
detectron2_w8a16,npu,27,3,1055.09,16.805,534.105,0.549,116.608,0.5
detectron2_w8a16,npu,28,3,1055.09,17.633,664.588,0.472,116.608,0.8
detectron2_w8a16,npu,29,3,1055.09,12.619,557.701,0.144,116.608,1.0
detectron2_w8a16,npu,30,3,1055.09,15.297,623.889,0.546,116.608,1.0
detectron2_w8a16,npu,31,3,1055.09,15.843,655.0,0.515,116.608,1.0
detectron2_w8a16,npu,32,3,1055.09,15.999,611.353,0.738,116.608,0.2381
detectron2_w8a16,npu,33,3,1055.09,14.654,528.643,0.431,116.608,1.0
detectron2_w8a16,npu,34,3,1055.09,15.882,643.315,0.471,116.608,0.5
detectron2_w8a16,npu,35,3,1055.09,15.016,539.582,0.375,116.608,1.0
detectron2_w8a16,npu,36,3,1055.09,15.095,623.355,0.575,116.608,0.75
detectron2_w8a16,npu,37,3,1055.09,14.313,535.874,0.511,116.608,1.0
detectron2_w8a16,npu,38,3,1055.09,17.446,547.769,0.74,116.608,1.0
detectron2_w8a16,npu,39,3,1055.09,15.872,721.743,0.46,116.608,0.6667
detectron2_w8a16,npu,40,3,1055.09,16.078,658.635,0.552,116.608,1.0
detectron2_w8a16,npu,41,3,1055.09,15.754,555.23,0.732,116.608,1.0
detectron2_w8a16,npu,42,3,1055.09,14.608,547.816,0.74,116.608,0.9167
detectron2_w8a16,npu,43,3,1055.09,15.875,542.332,1.166,116.608,1.0
detectron2_w8a16,npu,44,3,1055.09,11.834,592.784,1.319,116.608,0.6276
detectron2_w8a16,npu,45,3,1055.09,16.174,633.321,0.751,116.608,0.4005
detectron2_w8a16,npu,46,3,1055.09,15.484,698.841,0.667,116.608,0.8889
detectron2_w8a16,npu,47,3,1055.09,11.754,646.915,0.458,116.608,0.5
detectron2_w8a16,npu,48,3,1055.09,13.149,583.803,0.398,116.608,0.5
detectron2_w8a16,npu,49,3,1055.09,13.251,593.965,1.015,116.608,0.6415
detectron2_w8a8,cpu,0,1,185.84,6.818,62087.317,4.496,0.412,0.1622
detectron2_w8a8,cpu,1,1,185.84,10.946,63534.554,3.888,0.412,0.1306
detectron2_w8a8,cpu,2,1,185.84,13.369,63646.369,1.954,0.412,0.6905
detectron2_w8a8,cpu,3,1,185.84,12.788,63190.555,4.13,0.412,0.351
detectron2_w8a8,cpu,4,1,185.84,13.075,63866.965,2.376,0.412,0.3333
detectron2_w8a8,cpu,5,1,185.84,6.426,63935.39,1.608,0.412,1.0
detectron2_w8a8,cpu,6,1,185.84,16.091,64575.361,2.117,0.412,0.25
detectron2_w8a8,cpu,7,1,185.84,6.553,64947.718,3.142,0.412,0.228
detectron2_w8a8,cpu,8,1,185.84,6.937,51433.767,1.147,0.412,0.3417
detectron2_w8a8,cpu,9,1,185.84,4.196,41478.779,0.522,0.412,1.0
detectron2_w8a8,cpu,10,1,185.84,6.701,64303.257,4.991,0.412,0.2886
detectron2_w8a8,cpu,11,1,185.84,13.825,64750.651,13.781,0.412,0.2413
detectron2_w8a8,cpu,12,1,185.84,3.868,59748.734,0.845,0.412,0.2917
detectron2_w8a8,cpu,13,1,185.84,5.145,64558.486,6.141,0.412,0.2809
detectron2_w8a8,cpu,14,1,185.84,10.761,48810.427,0.509,0.412,0.1667
detectron2_w8a8,cpu,15,1,185.84,3.779,64154.485,1.279,0.412,0.3333
detectron2_w8a8,cpu,16,1,185.84,16.836,49616.59,0.982,0.412,0.75
detectron2_w8a8,cpu,17,1,185.84,5.416,64096.215,1.094,0.412,0.0769
detectron2_w8a8,cpu,18,1,185.84,16.684,64465.507,5.455,0.412,0.5187
detectron2_w8a8,cpu,19,1,185.84,14.905,64249.826,3.538,0.412,0.5625
detectron2_w8a8,cpu,20,1,185.84,10.791,45774.339,0.615,0.412,1.0
detectron2_w8a8,cpu,21,1,185.84,6.78,64022.114,5.635,0.412,0.4292
detectron2_w8a8,cpu,22,1,185.84,10.514,64163.875,3.397,0.412,0.4387
detectron2_w8a8,cpu,23,1,185.84,12.751,64223.989,2.198,0.412,0.5238
detectron2_w8a8,cpu,24,1,185.84,15.184,64852.619,4.242,0.412,0.4968
detectron2_w8a8,cpu,25,1,185.84,11.466,47179.858,0.502,0.412,0.0
detectron2_w8a8,cpu,26,1,185.84,5.705,36133.622,0.639,0.412,1.0
detectron2_w8a8,cpu,27,1,185.84,5.152,45278.103,0.657,0.412,0.5
detectron2_w8a8,cpu,28,1,185.84,4.777,64448.979,1.763,0.412,0.8
detectron2_w8a8,cpu,29,1,185.84,23.893,60955.085,0.243,0.412,1.0
detectron2_w8a8,cpu,30,1,185.84,6.634,64310.842,0.85,0.412,1.0
detectron2_w8a8,cpu,31,1,185.84,10.882,64338.066,1.262,0.412,1.0
detectron2_w8a8,cpu,32,1,185.84,9.166,64690.248,1.587,0.412,0.2857
detectron2_w8a8,cpu,33,1,185.84,17.984,34896.43,0.463,0.412,1.0
detectron2_w8a8,cpu,34,1,185.84,5.691,64556.237,4.743,0.412,0.5
detectron2_w8a8,cpu,35,1,185.84,8.066,48923.332,0.38,0.412,1.0
detectron2_w8a8,cpu,36,1,185.84,4.45,36906.829,0.707,0.412,0.65
detectron2_w8a8,cpu,37,1,185.84,3.657,37900.062,0.566,0.412,1.0
detectron2_w8a8,cpu,38,1,185.84,3.702,36814.723,0.474,0.412,1.0
detectron2_w8a8,cpu,39,1,185.84,4.194,64500.837,0.927,0.412,0.0
detectron2_w8a8,cpu,40,1,185.84,13.546,63971.946,1.034,0.412,1.0
detectron2_w8a8,cpu,41,1,185.84,21.904,48972.494,0.608,0.412,1.0
detectron2_w8a8,cpu,42,1,185.84,6.182,51822.678,1.12,0.412,0.9167
detectron2_w8a8,cpu,43,1,185.84,14.148,43665.317,0.49,0.412,1.0
detectron2_w8a8,cpu,44,1,185.84,8.776,65047.44,6.269,0.412,0.5991
detectron2_w8a8,cpu,45,1,185.84,9.576,64419.989,4.867,0.412,0.1409
detectron2_w8a8,cpu,46,1,185.84,18.72,64373.096,1.676,0.412,0.3333
detectron2_w8a8,cpu,47,1,185.84,15.187,64115.58,1.229,0.412,0.5
detectron2_w8a8,cpu,48,1,185.84,11.907,64526.592,2.49,0.412,0.5
detectron2_w8a8,cpu,49,1,185.84,17.481,64892.676,11.13,0.412,0.7131
detectron2_w8a8,cpu,0,2,0.203,3.039,64376.298,7.058,0.384,0.1622
detectron2_w8a8,cpu,1,2,0.203,11.025,64549.544,3.68,0.384,0.1306
detectron2_w8a8,cpu,2,2,0.203,5.443,64861.397,1.949,0.384,0.6905
detectron2_w8a8,cpu,3,2,0.203,12.771,64095.015,1.741,0.384,0.351
detectron2_w8a8,cpu,4,2,0.203,13.442,64204.701,1.135,0.384,0.3333
detectron2_w8a8,cpu,5,2,0.203,14.443,64490.55,1.785,0.384,1.0
detectron2_w8a8,cpu,6,2,0.203,12.637,64938.904,1.915,0.384,0.25
detectron2_w8a8,cpu,7,2,0.203,13.881,64658.616,3.17,0.384,0.228
detectron2_w8a8,cpu,8,2,0.203,12.604,51146.295,1.072,0.384,0.3417
detectron2_w8a8,cpu,9,2,0.203,5.877,41668.824,0.722,0.384,1.0
detectron2_w8a8,cpu,10,2,0.203,5.23,64330.855,5.498,0.384,0.2886
detectron2_w8a8,cpu,11,2,0.203,14.326,64463.976,11.546,0.384,0.2413
detectron2_w8a8,cpu,12,2,0.203,4.25,59480.652,0.817,0.384,0.2917
detectron2_w8a8,cpu,13,2,0.203,6.104,64494.597,5.106,0.384,0.2809
detectron2_w8a8,cpu,14,2,0.203,10.163,49195.03,0.717,0.384,0.1667
detectron2_w8a8,cpu,15,2,0.203,4.245,64903.355,1.605,0.384,0.3333
detectron2_w8a8,cpu,16,2,0.203,23.795,49518.916,0.842,0.384,0.75
detectron2_w8a8,cpu,17,2,0.203,4.44,64459.469,1.199,0.384,0.0769
detectron2_w8a8,cpu,18,2,0.203,15.023,64304.996,5.301,0.384,0.5187
detectron2_w8a8,cpu,19,2,0.203,10.847,64513.423,3.632,0.384,0.5625
detectron2_w8a8,cpu,20,2,0.203,10.05,45921.761,0.644,0.384,1.0
detectron2_w8a8,cpu,21,2,0.203,4.471,64358.977,5.347,0.384,0.4292
detectron2_w8a8,cpu,22,2,0.203,10.574,64172.668,4.246,0.384,0.4387
detectron2_w8a8,cpu,23,2,0.203,13.122,64407.427,2.112,0.384,0.5238
detectron2_w8a8,cpu,24,2,0.203,10.266,64643.919,3.845,0.384,0.4968
detectron2_w8a8,cpu,25,2,0.203,13.644,47422.315,0.774,0.384,0.0
detectron2_w8a8,cpu,26,2,0.203,7.447,35814.713,0.677,0.384,1.0
detectron2_w8a8,cpu,27,2,0.203,4.83,45279.543,0.736,0.384,0.5
detectron2_w8a8,cpu,28,2,0.203,3.924,64640.574,1.6,0.384,0.8
detectron2_w8a8,cpu,29,2,0.203,21.055,61176.573,0.251,0.384,1.0
detectron2_w8a8,cpu,30,2,0.203,4.669,64820.503,0.927,0.384,1.0
detectron2_w8a8,cpu,31,2,0.203,9.641,63952.656,1.312,0.384,1.0
detectron2_w8a8,cpu,32,2,0.203,17.28,64429.294,1.455,0.384,0.2857
detectron2_w8a8,cpu,33,2,0.203,12.696,34655.094,0.47,0.384,1.0
detectron2_w8a8,cpu,34,2,0.203,3.82,64841.831,1.479,0.384,0.5
detectron2_w8a8,cpu,35,2,0.203,12.284,48999.672,0.47,0.384,1.0
detectron2_w8a8,cpu,36,2,0.203,3.582,36827.677,0.706,0.384,0.65
detectron2_w8a8,cpu,37,2,0.203,4.132,37416.648,0.694,0.384,1.0
detectron2_w8a8,cpu,38,2,0.203,3.612,36971.759,0.538,0.384,1.0
detectron2_w8a8,cpu,39,2,0.203,3.764,63713.515,0.928,0.384,0.0
detectron2_w8a8,cpu,40,2,0.203,15.904,64280.544,1.052,0.384,1.0
detectron2_w8a8,cpu,41,2,0.203,16.367,48884.722,0.69,0.384,1.0
detectron2_w8a8,cpu,42,2,0.203,6.978,51678.893,0.854,0.384,0.9167
detectron2_w8a8,cpu,43,2,0.203,6.924,43339.499,0.806,0.384,1.0
detectron2_w8a8,cpu,44,2,0.203,6.92,65452.288,5.999,0.384,0.5991
detectron2_w8a8,cpu,45,2,0.203,7.742,64923.781,4.664,0.384,0.1409
detectron2_w8a8,cpu,46,2,0.203,12.968,64357.3,0.845,0.384,0.3333
detectron2_w8a8,cpu,47,2,0.203,5.896,64449.982,1.275,0.384,0.5
detectron2_w8a8,cpu,48,2,0.203,15.685,64834.433,0.926,0.384,0.5
detectron2_w8a8,cpu,49,2,0.203,25.743,64932.385,5.661,0.384,0.7131
detectron2_w8a8,cpu,0,3,0.283,3.098,64863.025,5.599,0.437,0.1622
detectron2_w8a8,cpu,1,3,0.283,7.065,65034.123,3.55,0.437,0.1306
detectron2_w8a8,cpu,2,3,0.283,10.122,64346.618,2.049,0.437,0.6905
detectron2_w8a8,cpu,3,3,0.283,9.863,64286.64,4.299,0.437,0.351
detectron2_w8a8,cpu,4,3,0.283,9.926,64475.787,2.433,0.437,0.3333
detectron2_w8a8,cpu,5,3,0.283,5.365,64977.976,1.564,0.437,1.0
detectron2_w8a8,cpu,6,3,0.283,12.383,65304.129,1.672,0.437,0.25
detectron2_w8a8,cpu,7,3,0.283,8.919,65594.786,3.586,0.437,0.228
detectron2_w8a8,cpu,8,3,0.283,5.983,51161.187,1.295,0.437,0.3417
detectron2_w8a8,cpu,9,3,0.283,4.489,41784.69,0.546,0.437,1.0
detectron2_w8a8,cpu,10,3,0.283,3.39,64279.94,4.69,0.437,0.2886
detectron2_w8a8,cpu,11,3,0.283,18.202,64538.57,13.642,0.437,0.2413
detectron2_w8a8,cpu,12,3,0.283,4.054,59643.928,0.934,0.437,0.2917
detectron2_w8a8,cpu,13,3,0.283,7.795,65040.446,5.85,0.437,0.2809
detectron2_w8a8,cpu,14,3,0.283,13.86,49217.09,0.475,0.437,0.1667
detectron2_w8a8,cpu,15,3,0.283,5.182,64350.71,1.348,0.437,0.3333
detectron2_w8a8,cpu,16,3,0.283,25.737,49078.614,0.96,0.437,0.75
detectron2_w8a8,cpu,17,3,0.283,4.966,64074.769,1.164,0.437,0.0769
detectron2_w8a8,cpu,18,3,0.283,15.375,64514.489,5.122,0.437,0.5187
detectron2_w8a8,cpu,19,3,0.283,9.78,63848.316,3.858,0.437,0.5625
detectron2_w8a8,cpu,20,3,0.283,10.94,45485.915,0.574,0.437,1.0
detectron2_w8a8,cpu,21,3,0.283,6.372,64390.303,5.558,0.437,0.4292
detectron2_w8a8,cpu,22,3,0.283,12.042,64337.604,5.009,0.437,0.4387
detectron2_w8a8,cpu,23,3,0.283,10.051,64548.782,1.818,0.437,0.5238
detectron2_w8a8,cpu,24,3,0.283,11.571,65040.093,3.013,0.437,0.4968
detectron2_w8a8,cpu,25,3,0.283,13.991,47560.14,0.473,0.437,0.0
detectron2_w8a8,cpu,26,3,0.283,5.036,36095.539,0.586,0.437,1.0
detectron2_w8a8,cpu,27,3,0.283,3.199,45339.538,6.851,0.437,0.5
detectron2_w8a8,cpu,28,3,0.283,5.802,64209.022,1.597,0.437,0.8
detectron2_w8a8,cpu,29,3,0.283,18.391,61333.486,0.33,0.437,1.0
detectron2_w8a8,cpu,30,3,0.283,6.877,64850.337,1.618,0.437,1.0
detectron2_w8a8,cpu,31,3,0.283,15.298,64077.633,1.128,0.437,1.0
detectron2_w8a8,cpu,32,3,0.283,8.856,64148.165,1.625,0.437,0.2857
detectron2_w8a8,cpu,33,3,0.283,11.076,34710.535,0.407,0.437,1.0
detectron2_w8a8,cpu,34,3,0.283,4.203,64727.182,0.578,0.437,0.5
detectron2_w8a8,cpu,35,3,0.283,8.794,49061.903,0.519,0.437,1.0
detectron2_w8a8,cpu,36,3,0.283,3.811,36753.794,0.712,0.437,0.65
detectron2_w8a8,cpu,37,3,0.283,3.793,37809.842,0.602,0.437,1.0
detectron2_w8a8,cpu,38,3,0.283,3.711,36939.714,0.463,0.437,1.0
detectron2_w8a8,cpu,39,3,0.283,3.876,64489.93,0.604,0.437,0.0
detectron2_w8a8,cpu,40,3,0.283,9.25,64317.921,1.045,0.437,1.0
detectron2_w8a8,cpu,41,3,0.283,9.09,48663.214,0.682,0.437,1.0
detectron2_w8a8,cpu,42,3,0.283,4.03,51930.721,1.263,0.437,0.9167
detectron2_w8a8,cpu,43,3,0.283,7.545,44005.68,0.443,0.437,1.0
detectron2_w8a8,cpu,44,3,0.283,3.965,65498.271,6.532,0.437,0.5991
detectron2_w8a8,cpu,45,3,0.283,19.249,64792.705,4.079,0.437,0.1409
detectron2_w8a8,cpu,46,3,0.283,12.696,64417.017,1.914,0.437,0.3333
detectron2_w8a8,cpu,47,3,0.283,14.783,64655.275,1.289,0.437,0.5
detectron2_w8a8,cpu,48,3,0.283,15.599,64761.167,0.648,0.437,0.5
detectron2_w8a8,cpu,49,3,0.283,12.666,64833.728,5.009,0.437,0.7131
detectron2_w8a8,npu,0,1,977.007,6.607,394.616,1.001,74.012,0.3804
detectron2_w8a8,npu,1,1,977.007,9.742,380.363,0.867,74.012,0.5635
detectron2_w8a8,npu,2,1,977.007,10.092,363.012,1.808,74.012,0.7143
detectron2_w8a8,npu,3,1,977.007,9.927,521.696,1.17,74.012,0.5826
detectron2_w8a8,npu,4,1,977.007,14.466,401.877,0.844,74.012,0.4722
detectron2_w8a8,npu,5,1,977.007,11.7,349.337,0.531,74.012,1.0
detectron2_w8a8,npu,6,1,977.007,16.046,349.852,0.638,74.012,0.5
detectron2_w8a8,npu,7,1,977.007,10.317,357.49,0.79,74.012,0.5457
detectron2_w8a8,npu,8,1,977.007,10.206,321.855,1.298,74.012,0.3667
detectron2_w8a8,npu,9,1,977.007,9.443,316.961,0.506,74.012,1.0
detectron2_w8a8,npu,10,1,977.007,10.136,475.722,0.987,74.012,0.4125
detectron2_w8a8,npu,11,1,977.007,10.909,382.721,2.098,74.012,0.3205
detectron2_w8a8,npu,12,1,977.007,9.33,310.825,0.659,74.012,1.0
detectron2_w8a8,npu,13,1,977.007,7.384,363.938,1.24,74.012,0.2436
detectron2_w8a8,npu,14,1,977.007,10.251,300.385,0.836,74.012,0.1667
detectron2_w8a8,npu,15,1,977.007,10.641,393.491,0.47,74.012,0.3333
detectron2_w8a8,npu,16,1,977.007,11.036,302.54,0.809,74.012,0.6875
detectron2_w8a8,npu,17,1,977.007,11.508,407.797,0.398,74.012,0.1282
detectron2_w8a8,npu,18,1,977.007,15.656,542.071,1.008,74.012,0.6229
detectron2_w8a8,npu,19,1,977.007,9.192,443.826,0.826,74.012,0.6131
detectron2_w8a8,npu,20,1,977.007,33.999,338.013,0.624,74.012,1.0
detectron2_w8a8,npu,21,1,977.007,18.297,473.176,1.224,74.012,0.6061
detectron2_w8a8,npu,22,1,977.007,13.994,453.388,1.171,74.012,0.5085
detectron2_w8a8,npu,23,1,977.007,13.833,348.376,0.568,74.012,0.7143
detectron2_w8a8,npu,24,1,977.007,7.295,346.255,0.76,74.012,0.6764
detectron2_w8a8,npu,25,1,977.007,7.76,303.92,0.341,74.012,0.0
detectron2_w8a8,npu,26,1,977.007,7.245,298.953,0.472,74.012,1.0
detectron2_w8a8,npu,27,1,977.007,8.444,303.886,1.162,74.012,0.5
detectron2_w8a8,npu,28,1,977.007,17.426,439.395,0.494,74.012,0.8
detectron2_w8a8,npu,29,1,977.007,13.982,342.703,0.144,74.012,1.0
detectron2_w8a8,npu,30,1,977.007,14.568,400.228,0.415,74.012,1.0
detectron2_w8a8,npu,31,1,977.007,15.434,394.809,0.453,74.012,1.0
detectron2_w8a8,npu,32,1,977.007,7.268,362.223,0.622,74.012,0.2381
detectron2_w8a8,npu,33,1,977.007,14.639,318.324,0.888,74.012,1.0
detectron2_w8a8,npu,34,1,977.007,12.833,426.624,0.548,74.012,0.5
detectron2_w8a8,npu,35,1,977.007,7.294,287.92,0.398,74.012,1.0
detectron2_w8a8,npu,36,1,977.007,6.946,295.433,0.766,74.012,0.625
detectron2_w8a8,npu,37,1,977.007,14.679,319.009,0.511,74.012,1.0
detectron2_w8a8,npu,38,1,977.007,15.97,304.428,0.721,74.012,1.0
detectron2_w8a8,npu,39,1,977.007,14.741,486.898,0.426,74.012,0.6667
detectron2_w8a8,npu,40,1,977.007,10.69,399.889,0.401,74.012,1.0
detectron2_w8a8,npu,41,1,977.007,7.003,286.497,0.965,74.012,1.0
detectron2_w8a8,npu,42,1,977.007,7.534,317.304,1.351,74.012,0.5556
detectron2_w8a8,npu,43,1,977.007,19.851,330.797,0.703,74.012,1.0
detectron2_w8a8,npu,44,1,977.007,16.458,362.595,1.266,74.012,0.6009
detectron2_w8a8,npu,45,1,977.007,16.837,396.513,0.786,74.012,0.2821
detectron2_w8a8,npu,46,1,977.007,15.759,452.566,0.606,74.012,0.7372
detectron2_w8a8,npu,47,1,977.007,14.292,415.545,0.52,74.012,0.5
detectron2_w8a8,npu,48,1,977.007,13.374,341.711,0.364,74.012,0.5
detectron2_w8a8,npu,49,1,977.007,16.345,371.567,0.809,74.012,0.5534
detectron2_w8a8,npu,0,2,873.246,6.445,400.064,1.102,75.592,0.3804
detectron2_w8a8,npu,1,2,873.246,14.542,393.057,1.216,75.592,0.5635
detectron2_w8a8,npu,2,2,873.246,16.418,378.589,0.958,75.592,0.7143
detectron2_w8a8,npu,3,2,873.246,16.67,497.636,1.539,75.592,0.5826
detectron2_w8a8,npu,4,2,873.246,14.586,401.6,0.673,75.592,0.4722
detectron2_w8a8,npu,5,2,873.246,16.018,357.611,0.605,75.592,1.0
detectron2_w8a8,npu,6,2,873.246,16.023,344.377,0.511,75.592,0.5
detectron2_w8a8,npu,7,2,873.246,17.459,355.898,0.938,75.592,0.5457
detectron2_w8a8,npu,8,2,873.246,17.634,330.039,1.008,75.592,0.3667
detectron2_w8a8,npu,9,2,873.246,17.158,336.865,0.563,75.592,1.0
detectron2_w8a8,npu,10,2,873.246,16.512,485.703,3.894,75.592,0.4125
detectron2_w8a8,npu,11,2,873.246,19.448,408.021,3.361,75.592,0.3205
detectron2_w8a8,npu,12,2,873.246,17.115,343.123,0.725,75.592,1.0
detectron2_w8a8,npu,13,2,873.246,18.338,378.595,1.344,75.592,0.2436
detectron2_w8a8,npu,14,2,873.246,15.85,332.45,0.557,75.592,0.1667
detectron2_w8a8,npu,15,2,873.246,16.575,390.533,0.465,75.592,0.3333
detectron2_w8a8,npu,16,2,873.246,16.413,319.486,0.858,75.592,0.6875
detectron2_w8a8,npu,17,2,873.246,16.66,399.447,0.417,75.592,0.1282
detectron2_w8a8,npu,18,2,873.246,16.354,526.699,1.074,75.592,0.6229
detectron2_w8a8,npu,19,2,873.246,16.43,455.331,0.893,75.592,0.6131
detectron2_w8a8,npu,20,2,873.246,16.194,316.27,0.457,75.592,1.0
detectron2_w8a8,npu,21,2,873.246,15.234,457.344,1.512,75.592,0.6061
detectron2_w8a8,npu,22,2,873.246,16.946,450.821,1.328,75.592,0.5085
detectron2_w8a8,npu,23,2,873.246,16.351,365.134,0.506,75.592,0.7143
detectron2_w8a8,npu,24,2,873.246,15.567,349.358,0.731,75.592,0.6764
detectron2_w8a8,npu,25,2,873.246,19.271,317.14,0.71,75.592,0.0
detectron2_w8a8,npu,26,2,873.246,15.465,326.201,0.601,75.592,1.0
detectron2_w8a8,npu,27,2,873.246,16.461,326.981,0.592,75.592,0.5
detectron2_w8a8,npu,28,2,873.246,16.247,433.206,0.452,75.592,0.8
detectron2_w8a8,npu,29,2,873.246,16.681,334.342,0.16,75.592,1.0
detectron2_w8a8,npu,30,2,873.246,17.425,414.665,0.43,75.592,1.0
detectron2_w8a8,npu,31,2,873.246,17.051,425.522,0.385,75.592,1.0
detectron2_w8a8,npu,32,2,873.246,16.322,376.009,0.605,75.592,0.2381
detectron2_w8a8,npu,33,2,873.246,16.619,310.399,1.704,75.592,1.0
detectron2_w8a8,npu,34,2,873.246,36.31,440.164,0.581,75.592,0.5
detectron2_w8a8,npu,35,2,873.246,6.738,314.214,0.483,75.592,1.0
detectron2_w8a8,npu,36,2,873.246,7.227,302.103,0.784,75.592,0.625
detectron2_w8a8,npu,37,2,873.246,15.516,323.598,2.615,75.592,1.0
detectron2_w8a8,npu,38,2,873.246,18.647,330.774,0.85,75.592,1.0
detectron2_w8a8,npu,39,2,873.246,13.194,477.29,0.371,75.592,0.6667
detectron2_w8a8,npu,40,2,873.246,11.165,403.968,0.398,75.592,1.0
detectron2_w8a8,npu,41,2,873.246,11.637,301.451,1.855,75.592,1.0
detectron2_w8a8,npu,42,2,873.246,20.758,333.557,1.329,75.592,0.5556
detectron2_w8a8,npu,43,2,873.246,11.465,325.46,1.046,75.592,1.0
detectron2_w8a8,npu,44,2,873.246,15.155,360.136,1.163,75.592,0.6009
detectron2_w8a8,npu,45,2,873.246,11.936,388.753,2.109,75.592,0.2821
detectron2_w8a8,npu,46,2,873.246,15.237,458.314,0.609,75.592,0.7372
detectron2_w8a8,npu,47,2,873.246,13.341,416.381,0.655,75.592,0.5
detectron2_w8a8,npu,48,2,873.246,15.397,363.75,0.893,75.592,0.5
detectron2_w8a8,npu,49,2,873.246,16.078,388.183,1.192,75.592,0.5534
detectron2_w8a8,npu,0,3,860.633,9.121,413.394,1.019,72.167,0.3804
detectron2_w8a8,npu,1,3,860.633,11.039,393.079,0.795,72.167,0.5635
detectron2_w8a8,npu,2,3,860.633,11.356,337.174,1.177,72.167,0.7143
detectron2_w8a8,npu,3,3,860.633,13.507,496.198,1.077,72.167,0.5826
detectron2_w8a8,npu,4,3,860.633,12.175,375.209,0.688,72.167,0.4722
detectron2_w8a8,npu,5,3,860.633,14.673,365.538,0.516,72.167,1.0
detectron2_w8a8,npu,6,3,860.633,12.806,353.157,0.617,72.167,0.5
detectron2_w8a8,npu,7,3,860.633,10.778,353.412,0.876,72.167,0.5457
detectron2_w8a8,npu,8,3,860.633,16.978,320.359,0.633,72.167,0.3667
detectron2_w8a8,npu,9,3,860.633,15.868,327.858,0.716,72.167,1.0
detectron2_w8a8,npu,10,3,860.633,19.648,501.861,1.883,72.167,0.4125
detectron2_w8a8,npu,11,3,860.633,18.567,398.763,2.291,72.167,0.3205
detectron2_w8a8,npu,12,3,860.633,14.862,332.237,0.818,72.167,1.0
detectron2_w8a8,npu,13,3,860.633,16.688,364.147,1.106,72.167,0.2436
detectron2_w8a8,npu,14,3,860.633,16.074,330.673,0.843,72.167,0.1667
detectron2_w8a8,npu,15,3,860.633,18.829,398.686,0.576,72.167,0.3333
detectron2_w8a8,npu,16,3,860.633,15.663,304.376,0.925,72.167,0.6875
detectron2_w8a8,npu,17,3,860.633,23.206,416.772,0.461,72.167,0.1282
detectron2_w8a8,npu,18,3,860.633,14.565,524.931,1.715,72.167,0.6229
detectron2_w8a8,npu,19,3,860.633,15.862,464.385,0.885,72.167,0.6131
detectron2_w8a8,npu,20,3,860.633,15.473,322.509,1.177,72.167,1.0
detectron2_w8a8,npu,21,3,860.633,16.633,455.939,1.896,72.167,0.6061
detectron2_w8a8,npu,22,3,860.633,12.631,446.534,1.212,72.167,0.5085
detectron2_w8a8,npu,23,3,860.633,13.007,365.728,0.6,72.167,0.7143
detectron2_w8a8,npu,24,3,860.633,15.088,359.098,0.91,72.167,0.6764
detectron2_w8a8,npu,25,3,860.633,14.133,325.688,0.357,72.167,0.0
detectron2_w8a8,npu,26,3,860.633,12.174,317.734,0.68,72.167,1.0
detectron2_w8a8,npu,27,3,860.633,13.862,328.711,0.56,72.167,0.5
detectron2_w8a8,npu,28,3,860.633,13.873,435.766,0.604,72.167,0.8
detectron2_w8a8,npu,29,3,860.633,13.0,315.327,0.185,72.167,1.0
detectron2_w8a8,npu,30,3,860.633,12.573,392.97,0.51,72.167,1.0
detectron2_w8a8,npu,31,3,860.633,13.921,400.534,0.391,72.167,1.0
detectron2_w8a8,npu,32,3,860.633,11.697,365.476,0.49,72.167,0.2381
detectron2_w8a8,npu,33,3,860.633,12.227,289.468,0.916,72.167,1.0
detectron2_w8a8,npu,34,3,860.633,13.849,411.212,0.537,72.167,0.5
detectron2_w8a8,npu,35,3,860.633,13.199,322.18,0.439,72.167,1.0
detectron2_w8a8,npu,36,3,860.633,12.949,327.934,0.903,72.167,0.625
detectron2_w8a8,npu,37,3,860.633,13.971,324.63,0.718,72.167,1.0
detectron2_w8a8,npu,38,3,860.633,13.343,331.751,0.773,72.167,1.0
detectron2_w8a8,npu,39,3,860.633,10.822,478.714,0.442,72.167,0.6667
detectron2_w8a8,npu,40,3,860.633,16.358,419.939,0.539,72.167,1.0
detectron2_w8a8,npu,41,3,860.633,16.796,299.855,0.951,72.167,1.0
detectron2_w8a8,npu,42,3,860.633,15.754,349.553,0.852,72.167,0.5556
detectron2_w8a8,npu,43,3,860.633,16.605,320.212,0.616,72.167,1.0
detectron2_w8a8,npu,44,3,860.633,16.188,365.817,1.531,72.167,0.6009
detectron2_w8a8,npu,45,3,860.633,13.468,404.747,0.971,72.167,0.2821
detectron2_w8a8,npu,46,3,860.633,13.4,468.772,0.582,72.167,0.7372
detectron2_w8a8,npu,47,3,860.633,12.4,433.63,0.562,72.167,0.5
detectron2_w8a8,npu,48,3,860.633,15.488,379.161,0.338,72.167,0.5
detectron2_w8a8,npu,49,3,860.633,13.043,374.137,0.982,72.167,0.5534
